UID,DateTime,DayOfWeek,NumberOfPeople
498add3d-da73-4a1f-8ebd-03620e56f963,2024-06-26T00:01:59,Wednesday,1
34426b91-a09f-447b-a34c-a0057c7237cf,2024-05-13T14:21:59,Monday,2
63669fca-aecd-48df-850b-6b85ada6c844,2024-12-01T02:32:59,Sunday,3
c9219e42-972f-40b7-8630-a7588d67b521,2024-04-03T13:40:59,Wednesday,4
75ac7a68-8fe5-4964-abe5-f31c41f84a94,2024-01-26T11:49:59,Friday,3
36f0a2a3-454a-4a4a-b214-3ff071722841,2024-04-11T08:14:59,Thursday,3
24ad0b30-486d-4325-8b8e-c3521b2104f0,2024-10-23T03:30:59,Wednesday,1
a60d1c8a-04fc-4aee-9535-e45edd30fb63,2024-01-18T00:22:59,Thursday,1
a7c7781a-9303-4f7e-8991-928d9af2387e,2024-09-14T07:23:59,Saturday,8
a80b987c-08d1-458a-8fec-8f5a7933a59a,2024-10-30T16:38:59,Wednesday,2
e7936a8e-b243-444a-97da-f198de13ecab,2024-01-16T03:27:59,Tuesday,1
4cee5bb1-ddc4-4028-9882-8aa7914cfc0a,2024-09-15T17:51:59,Sunday,1
c9714c32-589e-4187-8566-c008d5f984aa,2024-01-12T08:01:59,Friday,2
929301b4-f61b-4e63-bb96-c6b797bb5c77,2024-11-28T12:02:59,Thursday,3
04fca0b1-11d5-4ba4-8d1c-e2d04aaa67ba,2024-05-24T08:29:59,Friday,3
597b5ec6-b821-47eb-9fa0-3636e9a274d5,2024-12-25T20:45:59,Wednesday,3
b4c6aab3-5e29-4eb2-a251-58a3149ff241,2024-09-22T07:56:59,Sunday,1
51967bc6-842a-4277-9c39-36b0181f5d3e,2024-02-26T21:08:59,Monday,1
2b965eb6-07c1-4ada-b852-da66c699e557,2024-03-19T05:09:59,Tuesday,4
b73b08a7-4f65-4cdc-80dc-110750fc71a4,2024-07-09T20:54:59,Tuesday,2
3d0ff751-cf16-4a58-b4f7-e73ebf6f7982,2024-05-15T17:40:59,Wednesday,1
c041efc5-03f8-42de-bd00-7ef466f75a6c,2024-03-04T23:51:59,Monday,3
1380bacf-fea3-44fd-be23-59f18acc103d,2024-09-05T04:09:59,Thursday,2
1ae2a237-6e87-4b77-b20a-edd19f03df18,2024-11-16T07:10:59,Saturday,2
c69a314b-299e-4714-bca4-32e039cc7a18,2024-02-17T08:47:59,Saturday,1
789f3b59-50f7-4a76-8f05-91a984ccf21c,2024-02-29T19:34:59,Thursday,1
1c39efd4-7de3-46d9-ab39-a1823ed7f4ff,2024-12-18T14:01:59,Wednesday,2
79b77979-d1cc-4c23-8e0d-bc8cab86be87,2024-12-07T15:41:59,Saturday,4
3b084919-408c-44b4-887c-09b06a046957,2024-05-31T00:29:59,Friday,3
2f1f3a53-d92a-4f51-b1ea-43d560f09c44,2024-06-19T17:26:59,Wednesday,2
4f817cf3-fa2f-4b44-aaab-ec4283e6a70a,2024-02-10T17:38:59,Saturday,4
26264c63-5cd3-47cd-9e7a-a9843e63db52,2024-05-11T04:55:59,Saturday,3
6b1e136d-cf29-46e8-90e6-b7fd15ac88a9,2024-08-15T07:56:59,Thursday,3
638db498-5f7e-434e-9611-ed523b6c086c,2024-06-27T16:42:59,Thursday,6
f1aab20a-bf41-4463-b4e1-5bbf8381a745,2024-08-14T04:37:59,Wednesday,1
3a80281c-1bc9-41b0-953b-25efad498a7e,2024-12-13T18:13:59,Friday,4
035868bd-55a8-42b1-8fe9-ad09488c1f75,2024-01-16T22:03:59,Tuesday,2
1278a032-d643-4468-a8d9-c28617892ade,2024-04-10T16:51:59,Wednesday,4
98d48197-88aa-49f6-8aa8-fc382cff0565,2024-07-23T20:55:59,Tuesday,4
6ff141f8-4087-4108-a418-129c17abeb13,2024-04-30T10:54:59,Tuesday,2
451ea9af-5480-40a2-aa9a-96d3aa90ed86,2024-09-12T09:34:59,Thursday,1
08fbdfab-8244-4788-a07a-a34aba9347d5,2024-04-24T08:29:59,Wednesday,1
fc09d92e-d837-48c8-b80b-01a3f9c42dda,2024-07-06T19:38:59,Saturday,1
83232fca-91c2-412a-9627-46c376356ded,2024-10-22T21:47:59,Tuesday,1
96cd5bbf-746e-4fd6-9430-b32d62d5dd95,2024-09-16T03:06:59,Monday,1
10f35e51-ab30-4a17-8927-b9a7f562f59e,2024-07-22T08:13:59,Monday,1
1f730955-0d90-4c33-a057-b106497ccc5c,2024-05-16T11:20:59,Thursday,4
009863da-d8b9-4ddc-be51-112e8860e6e8,2024-12-15T02:16:59,Sunday,1
ea2fa4a3-2a0d-4478-b503-6e4f052760eb,2024-05-06T05:25:59,Monday,3
e726ead2-0fd6-48b4-ae0e-a473a8a6f156,2024-05-24T04:34:59,Friday,1
446ce61f-61f5-4610-864f-3bc35b4e7025,2024-07-19T01:16:59,Friday,4
406060ab-76a6-4de7-a1c4-aab5af306b01,2024-05-20T15:19:59,Monday,2
30e5e1ea-4c8d-4168-bcd2-78e83ea27773,2024-10-09T02:37:59,Wednesday,1
969887c7-6834-4da0-a696-e56242b12966,2024-10-30T09:39:59,Wednesday,4
4688dcec-c733-4485-b845-cb83d331b749,2024-02-03T11:03:59,Saturday,4
cc7ec6fb-cc2d-4b3e-9833-dea474eeecd1,2024-10-30T17:05:59,Wednesday,1
5be8cdcc-d14b-4b96-bc13-14a077cc2d38,2024-12-06T19:14:59,Friday,3
42de0f71-8745-4cec-aa8b-aa32328b5d1d,2024-02-12T05:17:59,Monday,4
39ea9ba0-9c84-46c4-9f64-7b19fa55b495,2024-11-07T04:40:59,Thursday,4
037abf46-719b-46b1-92ee-38c146624894,2024-06-16T20:43:59,Sunday,2
4cdca4cc-abe2-47e4-94f5-d5db68b77960,2024-07-12T11:25:59,Friday,3
a049789f-65e5-4bb2-a472-e5a17f130ce8,2024-02-24T10:14:59,Saturday,3
bc19d32c-7f7f-4ec3-8d00-48576aaa44fb,2024-07-06T10:45:59,Saturday,3
f9ac27bd-caa8-4236-b5cc-eac115837eb9,2024-08-17T07:24:59,Saturday,1
a5d9813f-eb73-4cd8-a282-e3702bdcb05b,2024-04-29T00:32:59,Monday,2
375e8a76-a496-4444-aa37-2b52c7a6edbf,2024-05-13T01:17:59,Monday,2
057511d4-1d78-45b9-956a-c5fa321310a7,2024-10-25T03:45:59,Friday,4
f00573a0-2ce9-4097-af06-17f1907d8124,2024-05-21T07:02:59,Tuesday,2
3591bf0f-713a-4ac7-8daf-12c8f94750a4,2024-03-04T01:03:59,Monday,2
a0a6e6f8-273c-4dc2-b3b0-6df995477c38,2024-05-20T20:57:59,Monday,4
d4d238c8-01bb-49f1-b455-3b12c6a4286e,2024-05-18T20:58:59,Saturday,10
aa632caa-7426-4f53-a9cf-19d5b0000f67,2024-01-14T08:08:59,Sunday,3
9fa6a2d9-f55b-4316-815f-ba264d367e1d,2024-12-20T17:04:59,Friday,4
2c12ff95-0ce4-4ddb-afe6-8f359958bc9d,2024-02-26T20:36:59,Monday,3
62ebab07-21d7-420f-b9b5-dbace4196f94,2024-08-21T22:34:59,Wednesday,4
1bd0d5e2-f425-4ee4-81d4-2518eea168d8,2024-12-05T22:18:59,Thursday,3
ee2c1306-fe17-4af0-a9db-0953b9841e37,2024-03-04T11:46:59,Monday,4
ccea6e4f-e458-493e-b780-bc7d2436033a,2024-04-23T10:51:59,Tuesday,4
356fc859-4593-4b7a-ac30-91872e4e5b0d,2024-06-20T16:10:59,Thursday,3
194ff695-f92b-41a3-9ca4-140c3b64a950,2024-03-02T00:53:59,Saturday,3
b94dde56-3011-4162-9e39-14345ff5456b,2024-06-05T19:16:59,Wednesday,4
b0686e3c-7fea-411c-9750-0ea6940d328c,2024-08-03T11:16:59,Saturday,7
f2f8458a-f5ff-41ee-b515-1e2e5e1c328a,2024-01-29T21:56:59,Monday,4
7de3bbc3-21c0-4cc6-a8f5-11ce35592780,2024-03-29T15:29:59,Friday,1
21696d34-ea02-4d66-81ae-aec10a1a359a,2024-01-26T09:48:59,Friday,1
71101977-29fb-4ba0-83cc-fd2b1ced6fee,2024-11-21T16:56:59,Thursday,2
f7539628-d50f-4274-890c-437c1b845b22,2024-03-05T14:55:59,Tuesday,4
36fb4e12-0cee-486e-a27e-23a2a4044ca6,2024-12-05T03:29:59,Thursday,2
a3464f16-f2cc-48c1-bf89-366e8234495f,2024-05-15T06:34:59,Wednesday,2
c97d871a-31d4-4d66-a74b-1922f6439d66,2024-02-21T14:18:59,Wednesday,3
496933da-be7d-40ef-9436-897a03fcda6c,2024-06-20T09:23:59,Thursday,4
eb310224-1604-463e-ab07-b6b08a16c7ce,2024-07-27T00:00:59,Saturday,4
10fa501e-d872-4be5-b1da-289ba8d96c57,2024-02-05T02:19:59,Monday,4
4b07e4b4-62c8-4018-92e8-eaf1ef6e8169,2024-02-10T22:14:59,Saturday,4
37ce7590-dde3-45d3-986d-84679cfc8f41,2024-02-06T13:03:59,Tuesday,3
5c571257-678d-4132-ab3d-15b957453233,2024-06-09T07:03:59,Sunday,1
abea4203-d7eb-4832-8e65-90338799fd0a,2024-03-07T11:56:59,Thursday,1
b13240d3-2c41-4472-b7a3-9eb9dd0a9f7e,2024-08-25T15:41:59,Sunday,2
22b7f9ca-2bc0-44e9-b5b1-13f00ee90409,2024-07-20T18:58:59,Saturday,1
cf3475a6-a43f-4743-b12c-f2db20775dad,2024-05-13T15:55:59,Monday,1
77a2db95-ae95-448a-a47d-cb75cfd0d60f,2024-09-09T13:45:59,Monday,4
2e31b9d0-bb2d-42cb-9fc0-4813b61027cb,2024-08-08T18:08:59,Thursday,1
df35d1f7-65e1-4632-bd7a-a5f1e45b5708,2024-02-09T12:48:59,Friday,1
0076ac33-6353-4b2a-933e-505618ec0f38,2024-09-14T04:10:59,Saturday,2
99ebbc59-8ffe-4116-8f36-b5a3c138ea75,2024-03-26T11:34:59,Tuesday,1
bdd978df-f152-4a16-ba11-446a7fbeec9c,2024-01-19T11:18:59,Friday,3
a1a427e3-7164-4f3e-8465-b4f286681249,2024-10-10T03:30:59,Thursday,2
20b81e38-9856-4cb9-b66f-2097bf642c0e,2024-12-09T17:28:59,Monday,6
738be2e3-b122-4f0e-a1f2-32a6de9fac96,2024-10-03T01:33:59,Thursday,2
4b7ee50d-5fee-4e59-98c1-b4fe0387ad38,2024-05-05T10:50:59,Sunday,3
1b268155-ff41-440f-b00d-873ad3738e7d,2024-08-12T10:26:59,Monday,2
612162ca-a18a-4774-8eb5-6a0805d095b1,2024-09-13T22:25:59,Friday,4
34dd9fcc-2201-46bb-93ce-da758b0760b6,2024-09-20T18:13:59,Friday,4
205165ac-60da-48f6-bd27-08d59a396803,2024-12-03T10:42:59,Tuesday,2
ef4c0834-9a3f-4ed1-a209-76a45381c33d,2024-10-05T06:47:59,Saturday,9
442ac155-e17a-4f7f-af65-050bf1677b23,2024-01-25T04:42:59,Thursday,4
fe3d57af-9f97-42c8-9836-93b17a02e90b,2024-09-03T12:20:59,Tuesday,4
4f6cd267-482a-4809-9a3a-50ada4a208ce,2024-08-31T18:24:59,Saturday,3
dd36bfe0-dd7c-4a99-9694-4328f0e6d6b2,2024-06-28T04:02:59,Friday,1
e069de32-54c0-4bdc-b49b-4e0a5ef1903f,2024-04-08T16:11:59,Monday,7
920c3011-eaa2-49a5-8d74-fbf991b6ce3a,2024-02-08T08:54:59,Thursday,1
da9b92a4-74cb-4bb3-9db6-912fb7e2b255,2024-11-03T03:44:59,Sunday,1
496a65e8-b712-4416-9f55-f7f697984e4a,2024-07-29T20:50:59,Monday,1
efd57e14-4da7-4ad7-9e29-96f1f33dd5d7,2024-05-07T12:54:59,Tuesday,4
60d3b7dc-fa72-475d-a55e-87ffd436a4a7,2024-11-08T12:57:59,Friday,4
cbd2112b-a1eb-4138-9729-09f85341d982,2024-08-20T08:42:59,Tuesday,1
2ae59855-441a-4ef5-b4a8-f1832d1632eb,2024-10-29T18:37:59,Tuesday,2
856bb81c-e16f-4eb4-9d7f-585bc27b064f,2024-04-18T22:23:59,Thursday,4
8bf06647-d680-41c8-9bb1-1ff28d250ac7,2024-05-14T18:47:59,Tuesday,2
b9fc1c83-46df-4950-9be0-9167df599ae4,2024-12-08T00:06:59,Sunday,2
46d445e6-1637-4165-8c1d-e8c3ac2efcf2,2024-09-21T08:06:59,Saturday,1
cc60e3f8-12f7-4bf0-9c96-990eebaf83b5,2024-07-13T03:57:59,Saturday,3
71c7d587-59c0-4fbb-9017-48860b471923,2024-07-19T11:11:59,Friday,1
95dbb98f-28d9-4f39-b43c-825b7dcdc556,2024-02-22T20:21:59,Thursday,4
5460e297-7b5e-49fd-a225-387a64a74d20,2024-07-28T12:45:59,Sunday,4
63c8d61a-3ca4-41e8-bd39-ebb0ea5e4840,2024-08-08T00:30:59,Thursday,7
b4e92a35-7f26-4799-a2d2-c0970c468e2d,2024-08-23T12:14:59,Friday,4
fe171f36-85eb-472c-987f-6cadf5f355e4,2024-08-21T13:05:59,Wednesday,3
86c16d6f-331f-49f4-a276-04d83fbcd16f,2024-05-31T07:36:59,Friday,1
1ff6edbe-1de5-4352-a083-d58037b30153,2024-04-17T11:17:59,Wednesday,1
808c60e3-5128-44bc-8763-0cb652cdb3d9,2024-03-02T16:15:59,Saturday,1
a0a8907c-dbe7-4680-8a98-ba162c1b84f6,2024-12-20T03:52:59,Friday,3
eeea2a14-bc68-44b1-8fe8-466ed5b9fed8,2024-11-25T12:22:59,Monday,4
b9fa3c95-bf88-446e-9ce2-d473868ab00a,2024-10-31T11:38:59,Thursday,2
f51ea66b-50dc-4600-a69d-f02927ad19b7,2024-12-22T16:37:59,Sunday,3
73d73620-d846-4c8a-b015-ee43e316ad06,2024-12-27T18:25:59,Friday,1
8c68305a-e3b7-4e73-b379-442b21f86a47,2024-11-29T19:04:59,Friday,2
790f1c28-aa45-4618-b7ab-3823268db81a,2024-04-25T01:03:59,Thursday,1
2885e4f0-a2dd-4c22-924b-a67c2b65ddaa,2024-07-03T21:02:59,Wednesday,2
af898d4a-bec8-42e7-8cad-dc0de645b50b,2024-01-18T05:07:59,Thursday,2
305e908a-63a2-491f-9186-b2ceb64e6fac,2024-01-03T07:36:59,Wednesday,3
7b4cebe8-940b-4561-a6e8-cef1b7f099b6,2024-05-04T00:14:59,Saturday,4
93ca40b1-40fe-45aa-8adb-f648c29d1b7c,2024-08-23T09:55:59,Friday,2
c559a51e-b6a6-49e8-ade0-40d973965d41,2024-12-03T15:08:59,Tuesday,2
529678f1-f6ac-40f9-94d2-b020514e9801,2024-03-08T17:04:59,Friday,2
92928e6e-b6d0-4582-a3fa-de3778938cbe,2024-02-26T17:11:59,Monday,4
84de5542-b35b-4339-9444-dc1056cdb744,2024-11-23T13:35:59,Saturday,2
9415ab59-782e-4922-83d6-35b328854dad,2024-05-22T03:11:59,Wednesday,4
5b9f8404-c138-4010-bf30-87bbd4e80121,2024-04-20T22:44:59,Saturday,4
84a2e249-7d6e-4ade-bc3a-c1b1195f830e,2024-01-20T02:14:59,Saturday,2
8ec1b9ef-d3f4-493c-88df-d93ab380e9e7,2024-04-15T12:00:59,Monday,2
4974fc2f-1c8d-47b2-be9b-cc23095f74b0,2024-12-26T17:06:59,Thursday,3
b7737e87-a9d4-4585-b6f5-8f098c1af2c5,2024-08-26T15:51:59,Monday,1
ba9a5b3b-f013-49c6-8486-557f529c0c57,2024-10-10T22:26:59,Thursday,4
0f5669d3-933c-4fad-b4a2-a16e0ada96ba,2024-11-09T23:25:59,Saturday,3
dec8c67a-b039-462f-87e4-7cf1ed41e661,2024-09-24T07:17:59,Tuesday,3
e3234815-d2b5-4488-9feb-7487b00bd913,2024-01-30T08:52:59,Tuesday,3
ab7b838d-de5f-41e9-9a52-b70f91438617,2024-05-27T14:05:59,Monday,1
e1429857-6dad-45a1-9db7-74c43e625585,2024-11-28T21:55:59,Thursday,7
2efb9ff9-3509-4c3f-b39d-0c545e7ce91c,2024-03-01T08:14:59,Friday,1
a2588f15-725d-4676-8595-2444996fbda3,2024-03-09T22:23:59,Saturday,4
2e546afa-74a9-4c60-ae7a-c6af4ff48a87,2024-05-05T19:54:59,Sunday,1
973855cb-8af8-4f86-9425-840eecba57ec,2024-08-07T17:35:59,Wednesday,4
ce3cd82a-8115-4dc1-b821-c1356e2e935f,2024-09-28T12:35:59,Saturday,1
563a3d3a-ad58-4e21-8794-4ef1dd1ef0bf,2024-11-06T07:53:59,Wednesday,2
02ae5186-fd6b-421c-a03f-b25094173cd5,2024-10-17T01:03:59,Thursday,2
4bca0682-8bbe-4641-84c0-cd0ffffb196b,2024-06-01T04:07:59,Saturday,2
4f3b68f0-21b1-48ad-a409-78caeb36f989,2024-07-03T17:18:59,Wednesday,4
cd897b9e-472e-42e9-baeb-3e520314a3ff,2024-03-19T08:01:59,Tuesday,4
74ca15e5-223d-425f-a6bf-cdbe250ed078,2024-07-25T05:20:59,Thursday,3
0a61bc22-f231-49ad-8d67-ecf45f74cc0c,2024-12-12T12:29:59,Thursday,4
da99e3b5-7e38-47eb-804d-6ff85cfa7df4,2024-09-30T18:54:59,Monday,1
dfd78516-6060-4a2f-8582-bbb366181f1d,2024-03-10T10:21:59,Sunday,7
73ebee48-7a86-494c-a761-1e5a60ca812a,2024-09-26T15:13:59,Thursday,5
8daf7875-0ae7-416c-a719-0d114828ca65,2024-07-16T12:43:59,Tuesday,1
2fec20f8-4adc-42c4-a70e-e274e96df9ca,2024-03-15T07:23:59,Friday,3
3c9537a3-634c-4627-ae9c-e0da77d946ec,2024-12-22T23:51:59,Sunday,3
53974eb3-548b-4e7d-a5bb-b0923bc63580,2024-07-16T00:52:59,Tuesday,2
88b06ef6-5caa-4e07-9044-c7d950b49ad5,2024-05-18T16:47:59,Saturday,4
d19c3339-5d6d-4627-bc2b-3bde7ef53c80,2024-12-16T07:54:59,Monday,4
ab471e29-746c-45f6-8d37-234b9e12538e,2024-08-26T03:45:59,Monday,1
9b0299ae-747b-49a0-9457-5779a892e3c8,2024-04-04T05:01:59,Thursday,4
2697f98b-c51f-4ca2-a356-6462eb2c8e2d,2024-11-14T07:39:59,Thursday,3
d86fe759-c8e8-49bc-adb1-10e6aeebde1a,2024-12-20T01:45:59,Friday,9
a56152ff-2d00-4e21-a08b-93fd7b216ea6,2024-10-10T20:01:59,Thursday,4
ff6ce8cd-c71e-4a15-9fd6-7ef0c39bcdbe,2024-06-18T04:31:59,Tuesday,4
5c81884c-5afd-4fff-b8ee-e028c761ed87,2024-03-27T11:08:59,Wednesday,4
cac871e0-4322-43c9-b14c-9d1e1b2bf84b,2024-02-15T02:48:59,Thursday,5
7db43faa-792e-495f-90f1-0048460bbe78,2024-05-10T11:50:59,Friday,2
a1e9873a-46aa-4927-ab20-b76d0d06f191,2024-01-03T05:53:59,Wednesday,4
953b08f8-7fec-4c20-a0a0-bde42dd915ea,2024-08-22T01:49:59,Thursday,4
cd27085d-88df-409f-b072-038d265fe3e6,2024-03-12T07:51:59,Tuesday,4
10a372e6-964a-4a12-b935-2cc58930b021,2024-10-16T04:23:59,Wednesday,2
b93ce68c-4865-4a83-a591-729f4991f9fb,2024-02-25T20:47:59,Sunday,3
7aa01f9b-e28b-4d4e-b027-58b52ee55ca7,2024-05-16T08:02:59,Thursday,1
5f8ce6b4-c9bd-481a-a09a-d0e973922244,2024-08-09T07:48:59,Friday,2
a3f5c77e-7cf5-4a68-ba89-6526abb5ba19,2024-07-08T21:06:59,Monday,1
5bb3c61d-cd71-4762-95c0-b5f548697852,2024-07-18T17:58:59,Thursday,4
5bc49d38-8bf8-4255-964e-ca8e334ff0f4,2024-12-05T16:39:59,Thursday,4
d91d583a-215f-440d-ae5c-fbdc69452002,2024-07-05T18:06:59,Friday,4
bff500c9-37ea-4f51-b981-fd273333eddf,2024-11-13T22:23:59,Wednesday,1
0afbad09-3d4e-4814-a439-32eeca7045c3,2024-05-21T11:10:59,Tuesday,2
53e5bdc7-1e79-4275-aba3-a3d66560b2a8,2024-10-20T13:58:59,Sunday,3
ea790ce9-1d10-401c-8f9b-65c16c2d691f,2024-04-17T10:06:59,Wednesday,4
e92d359c-b018-47b7-ab0e-4b4cea0e3db7,2024-01-29T01:57:59,Monday,2
44ad2c0a-2335-4bac-9805-8dfe1f056614,2024-03-02T17:34:59,Saturday,2
af56daf5-5d81-4134-bedf-455a2e803271,2024-11-18T05:57:59,Monday,3
588883ab-696e-4553-a40d-d689fa3aa4dd,2024-08-17T20:19:59,Saturday,4
39717af3-3b0a-4b38-8167-506618862368,2024-12-04T17:37:59,Wednesday,1
6893e3ae-c455-4215-b86e-e93aff91294f,2024-12-08T18:58:59,Sunday,4
cad619ec-64c3-4489-8f83-390cef0264fb,2024-01-05T08:20:59,Friday,4
f31dd4c6-cfb9-467d-963d-e24eacebc9cc,2024-06-01T19:20:59,Saturday,3
e65c9a84-a9c4-46d3-a869-6b6466060ddb,2024-08-23T08:10:59,Friday,7
6cdba4aa-2d19-45f1-bfcd-5d863ba4865c,2024-10-15T07:46:59,Tuesday,3
436c61ac-4da9-444c-9837-0a2c6a797c3a,2024-04-22T05:18:59,Monday,1
e0cf4830-528d-40f1-a409-a4b79d1430b4,2024-08-27T03:34:59,Tuesday,3
21b2c92a-b2b8-435c-8343-f06e7c86114c,2024-04-18T08:18:59,Thursday,1
005dae5f-e89d-427d-872a-2cf1b0f9543b,2024-04-17T09:07:59,Wednesday,1
356c0bf0-3c2a-4ac4-9f55-18e3ce5ba84f,2024-10-15T20:54:59,Tuesday,1
326751a1-5139-410b-a89a-93ba0d115b52,2024-08-07T11:02:59,Wednesday,1
fe147937-9360-4518-a5e6-639783b24469,2024-06-05T10:14:59,Wednesday,2
2c8a3d9b-b4f9-4711-9666-ca3d8c47ec84,2024-08-27T13:42:59,Tuesday,2
2a329468-cd05-4e4a-9484-49707fdb5a05,2024-03-29T10:04:59,Friday,1
494c0c6c-e226-4551-aeaf-24f2ae2b7797,2024-05-03T04:29:59,Friday,2
cf479847-1518-481c-a8bc-8aed787b562d,2024-02-22T05:51:59,Thursday,1
6c43cf6f-b254-482e-a924-01d46112f777,2024-04-12T06:27:59,Friday,10
2309e61c-475b-4413-a7c6-784e852a4958,2024-04-10T18:05:59,Wednesday,4
772be12b-ed9d-4b89-aa61-7cb74b1c561e,2024-05-06T16:37:59,Monday,4
6b37a46b-3846-48f2-b9a7-f8fc7c2905b7,2024-10-02T18:29:59,Wednesday,1
52b085d3-0fce-412d-87dd-4a05ad02a29b,2024-10-19T17:45:59,Saturday,4
245e0216-8f6a-4985-bb3c-9c92927eed49,2024-02-11T05:03:59,Sunday,3
df2e41a7-501d-45eb-a67a-254d6ff48021,2024-03-06T10:53:59,Wednesday,1
18fd03df-2fef-40fd-a3d2-6e9cb91e6ec2,2024-10-14T17:01:59,Monday,4
6000d38e-c19b-495f-9631-47337046fa30,2024-07-07T22:09:59,Sunday,1
1cb470d2-32a7-49a7-bffe-ff5a5b645859,2024-02-23T00:16:59,Friday,1
133a0ba6-9046-4808-99e8-7c4b9851cb1d,2024-01-13T05:40:59,Saturday,1
61af42f2-6cb9-4965-8cbc-e48078577500,2024-06-06T00:25:59,Thursday,3
ff16644d-7993-44e7-bc54-66a3d84a8061,2024-05-02T01:50:59,Thursday,3
a092b362-8310-46f3-9dcc-b24400089a60,2024-09-01T08:46:59,Sunday,2
6d6ab941-153d-47be-8d4f-2c7c8baf9434,2024-07-12T16:32:59,Friday,2
46aa34ad-1536-46ae-bdb4-ee85b84002f0,2024-07-23T17:05:59,Tuesday,1
a6008a7e-a69a-4d2b-8db4-c4a0c573a7f7,2024-02-22T08:53:59,Thursday,3
51641333-41e1-426a-b400-85b292943064,2024-03-12T03:51:59,Tuesday,10
de2b1409-a30d-4dad-81b1-7369e8597847,2024-06-14T08:47:59,Friday,4
42e52687-ace1-4e87-8d4a-43842e636f9f,2024-03-10T16:43:59,Sunday,4
239bbead-9264-4c6e-8596-5ce89651e57d,2024-09-18T18:23:59,Wednesday,1
eab534e1-5746-47f0-ae9c-4e8876a472c3,2024-11-20T05:24:59,Wednesday,2
19464342-9450-4ab4-95bc-d5c1f7a173d6,2024-03-13T17:58:59,Wednesday,1
2bc5349c-2096-4265-a2f7-2ef9951f914c,2024-03-04T20:49:59,Monday,3
e2a5bcca-b4b3-4676-935e-0055e6f3d227,2024-07-19T23:21:59,Friday,1
fc557fe8-7aed-4211-a49f-c43a3c161832,2024-07-18T03:36:59,Thursday,4
759e86bf-3dcf-461a-9bc8-6f40c8360560,2024-03-22T02:16:59,Friday,4
7bb8e555-d9d7-4e83-b8ab-3aedb6297033,2024-12-05T10:25:59,Thursday,1
4342e675-7cc7-4bc7-9c23-bb954cf5d78e,2024-04-02T07:41:59,Tuesday,3
cacb53c0-517e-47f7-8446-468a193d5bef,2024-02-22T00:06:59,Thursday,1
75a27b7c-d943-4d0f-9ae4-6a2855b33b90,2024-02-26T10:59:59,Monday,2
1c998f5a-4fc8-4c3c-8629-06ab3659477f,2024-10-01T09:35:59,Tuesday,2
0a89870b-9ec9-41f3-839a-1a0da5d9ef9c,2024-04-23T01:32:59,Tuesday,2
19082a57-8ce3-46d7-8335-a569490ed7c0,2024-02-17T22:56:59,Saturday,2
dbd3157c-33fb-4861-9708-5d055b779863,2024-01-13T13:48:59,Saturday,3
63039505-21c1-4b7a-aa59-54962f55d103,2024-04-24T18:51:59,Wednesday,4
c1e2d2a7-d904-4a33-ac60-e6072d70ab00,2024-07-11T09:33:59,Thursday,1
45c29540-60b1-4cc5-b461-71489444a397,2024-02-25T10:01:59,Sunday,1
f3142fe8-a208-486a-a7f8-56c6f4d2ff99,2024-06-19T01:13:59,Wednesday,7
537e05af-2744-460a-95c8-2bbfed219994,2024-05-18T02:13:59,Saturday,1
b7c2f6e9-9601-42a3-b697-2d50bc85895e,2024-02-12T14:36:59,Monday,4
5a16ab8c-a170-467c-bdf5-e76392c7ba36,2024-11-09T21:05:59,Saturday,3
03a1000c-7757-4498-8826-3572b7523c71,2024-04-02T08:27:59,Tuesday,4
346b3aee-7a8c-4fbd-9526-440e9910d1e9,2024-09-03T13:51:59,Tuesday,4
c5284c72-51ad-4f63-9d53-3d486874e86b,2024-05-05T22:26:59,Sunday,4
95808bc5-7cd7-42ec-8ba5-d1eef1ac9d93,2024-12-21T07:47:59,Saturday,2
841425dd-3e1f-4603-b3a4-5295b2134807,2024-09-26T17:36:59,Thursday,2
630a3f18-1bce-4664-aa3f-e88c2770f457,2024-12-01T16:51:59,Sunday,2
a31202cf-284a-4def-8741-39ee0b7a3c48,2024-06-03T03:24:59,Monday,4
05c1e6c9-799e-445a-b9e2-500226f25871,2024-11-28T19:37:59,Thursday,1
2dc4f130-f212-4a0b-bc71-0bad05cae7fd,2024-09-26T21:01:59,Thursday,4
15d91398-2e0c-4d8a-8586-b477996dabe5,2024-06-22T02:39:59,Saturday,2
59ffff04-9c29-4334-88c5-6cbf19937979,2024-05-16T08:29:59,Thursday,4
884f6a95-3e9d-47f3-be1c-ac8aa9aff01a,2024-12-12T21:12:59,Thursday,2
7807d688-9cac-43ab-b278-51ed0eaa1b8d,2024-05-21T02:52:59,Tuesday,4
5d4b1e9c-e684-4256-98ba-54f1f4d51952,2024-02-27T22:32:59,Tuesday,4
00b90432-ac68-4303-879e-5385352cd60c,2024-01-05T09:29:59,Friday,4
61389172-8fd4-4936-a892-4a1ace15b46d,2024-08-30T08:20:59,Friday,2
e9fd90ef-be39-4d30-b2ab-a388d57c3b14,2024-01-27T02:47:59,Saturday,1
2e612f16-8ae6-4cc9-b15a-859f46b7e8a0,2024-01-03T03:14:59,Wednesday,2
865ce908-fde1-4c93-806e-fc75e7c2e641,2024-10-10T00:57:59,Thursday,4
5946b118-978c-4c86-a552-29f051a106bb,2024-03-23T14:14:59,Saturday,3
df13a841-1c7d-40f2-8fd7-007164f63800,2024-12-23T06:49:59,Monday,3
17792756-a8a3-464d-88f1-1bd1ab5b9b7b,2024-12-02T03:32:59,Monday,4
419ddeeb-f724-4418-a8c0-ece13956aa21,2024-08-24T21:46:59,Saturday,1
4606bbfc-a7cf-40c0-a2d2-bd8b775e4101,2024-06-25T01:17:59,Tuesday,1
02496f54-753c-49ec-8d04-0adfa0305ee0,2024-10-12T08:29:59,Saturday,2
f915e38a-8e76-462d-bc15-bb3ee036ab34,2024-12-16T04:55:59,Monday,2
fc447379-5082-43c5-a93b-fe1fabd496be,2024-03-23T12:04:59,Saturday,3
dde0ec4d-0cba-4b22-a9fe-6b2e5777167a,2024-10-25T04:01:59,Friday,1
dde927b5-38a8-45c1-ada4-bd17c8a9cc47,2024-07-06T16:39:59,Saturday,2
8ca4f83d-30bd-4553-bfcf-e8ee6edb11e7,2024-12-05T12:40:59,Thursday,2
1e8a3b68-21f3-4d80-996e-1911bf18efc7,2024-10-14T08:53:59,Monday,4
bbd3fd9d-c162-43f9-b8ef-746476f95bea,2024-01-30T21:25:59,Tuesday,2
976806cc-dabe-4f7b-849c-baa59f382994,2024-05-04T17:27:59,Saturday,2
f1cbea08-11ca-4d1e-b9b8-61bad785c083,2024-08-01T05:38:59,Thursday,1
dbb1f014-cf3d-4606-8f66-1133245cae9e,2024-02-10T13:11:59,Saturday,1
b9e33752-2240-487a-97e6-3fcaea7fb004,2024-12-16T09:05:59,Monday,3
7ded6bfd-fa1a-470c-ae91-83bca1623bee,2024-09-24T04:20:59,Tuesday,1
1ad72763-e7a0-4ca4-8448-1eaf1ad5697b,2024-04-30T21:57:59,Tuesday,2
00f6b7ed-1d42-43cf-9dc6-91500e843711,2024-08-10T11:16:59,Saturday,2
e9a4f2c4-73c5-443d-8faf-22afeecab4b5,2024-02-08T09:51:59,Thursday,2
478806eb-db97-4d07-8f58-f464a3694b9b,2024-05-24T20:41:59,Friday,3
1bd795a9-7d0e-4864-9d44-bbe8fbe0f846,2024-11-03T01:48:59,Sunday,1
76f79467-6e5e-46dd-abb7-c2b0b308ce55,2024-09-03T22:10:59,Tuesday,4
28c789f5-bece-40a5-a74b-9e9ac54d623f,2024-07-27T23:09:59,Saturday,1
9eb52106-3809-4623-9597-a96f95451624,2024-03-22T05:58:59,Friday,1
3f0a97b9-99eb-482a-86ec-cdc77897de25,2024-05-02T02:31:59,Thursday,4
34a775a0-eff2-4529-b585-51cdf704b4a3,2024-02-26T02:20:59,Monday,9
d7fea328-5a70-439d-94d3-54b774f6fd57,2024-08-22T00:49:59,Thursday,2
964b221e-faa1-4e26-9dae-eeb90c3b0272,2024-02-15T18:35:59,Thursday,1
baaea236-416a-4730-8fe7-cbb295b5a6cf,2024-12-24T00:36:59,Tuesday,1
1a7a7bdb-f1f6-40b7-a302-2ae21f2b8e1a,2024-08-14T17:25:59,Wednesday,1
d422658d-ea39-4d11-927d-9e2223e59a9c,2024-10-18T15:08:59,Friday,3
8110a56f-9063-430a-9a7f-1db2fce856b6,2024-10-02T17:39:59,Wednesday,1
6910e4fe-0b4a-4cdd-bb38-e6981a67d194,2024-06-03T16:45:59,Monday,1
f449cf6d-632a-4a55-8cd1-66ba92396a9c,2024-02-10T13:48:59,Saturday,1
0feeb9f4-5483-4bc5-b944-e3c0e4017c5a,2024-02-03T20:59:59,Saturday,3
96f58d5c-aec5-47c1-a370-31f579e988c8,2024-05-24T11:33:59,Friday,3
b5e2c814-9bc1-4c9e-85e1-0184a4e1a613,2024-02-27T17:50:59,Tuesday,7
b9a4a438-be20-4212-ad8a-6a1c8529cf81,2024-06-12T23:25:59,Wednesday,1
f008f645-35c8-4bd8-a11e-0950429b0cf1,2024-01-12T07:03:59,Friday,3
cde16e29-88eb-4f38-a9a9-7ae286863b95,2024-04-21T15:09:59,Sunday,3
92ed5f6e-1dc1-4d9f-80d0-f216e4cf465d,2024-08-03T13:28:59,Saturday,2
f795913a-614a-4ae7-ae83-5a331297770a,2024-04-13T08:15:59,Saturday,1
6b86369c-d42d-4943-89a9-895f790c821c,2024-06-23T11:43:59,Sunday,1
96c4c139-8761-4910-bb64-791c9fec5dea,2024-07-31T08:23:59,Wednesday,4
19fb23b3-d4e5-497a-aa46-155d74221666,2024-01-13T07:46:59,Saturday,1
b51e8a38-5b03-470c-ac9b-18241c79522b,2024-08-03T13:00:59,Saturday,4
0c70c9a5-87ae-4405-9f69-70e5a0b33eae,2024-03-15T15:11:59,Friday,4
e2dab2ce-8811-4334-88a5-511220fc852d,2024-03-09T03:47:59,Saturday,2
296c74f6-8bb0-49f6-acc0-370d02bfd9e2,2024-12-17T18:54:59,Tuesday,10
25642ead-ae43-49aa-ad4c-04a21c9e48d3,2024-12-17T10:01:59,Tuesday,3
747f3293-5831-43f9-84b8-f92f842620c2,2024-11-14T08:40:59,Thursday,2
79cb216d-8b1d-45fd-b6f9-0bf7fd3ffc44,2024-09-03T13:57:59,Tuesday,1
f22119ce-3738-4f6e-8753-662081bda461,2024-02-07T00:54:59,Wednesday,1
88258b02-e5ed-4c5c-8d5c-9e162073875f,2024-11-18T01:48:59,Monday,1
936d66f8-f43c-4357-8517-6c90f8df5aa2,2024-11-19T09:35:59,Tuesday,2
14c1f1ad-750d-4815-a0e3-bdfabac7e173,2024-10-10T16:31:59,Thursday,2
95281416-6f1a-43a1-8961-3d5498bc838d,2024-11-05T08:17:59,Tuesday,3
ec20506e-ae2e-46b3-976c-36ea62642f5b,2024-05-26T10:26:59,Sunday,3
d330608d-586b-4d3c-a318-51e38c2fcdfc,2024-05-19T01:27:59,Sunday,2
c10047af-46c0-4858-93f1-993c27912099,2024-03-07T11:14:59,Thursday,4
fe8412a3-5a49-42b8-ac7b-9add73729c58,2024-10-10T05:09:59,Thursday,2
c4dc3681-1070-4c1e-9f5d-af8a28642e11,2024-03-30T09:21:59,Saturday,3
6fe5b57a-2187-4c9d-91f8-8f94d3075599,2024-07-21T08:36:59,Sunday,2
0798a0ad-dc90-4b31-8893-0204e824be23,2024-01-08T09:13:59,Monday,4
83b90f8d-05e3-4a68-bb49-7c821049c2b4,2024-02-04T08:47:59,Sunday,2
0b85a98e-0b4a-4047-a2c9-454ae5618be0,2024-05-15T05:02:59,Wednesday,3
f1ebe2bb-ae3c-4f07-94a2-e9855c850b79,2024-03-07T10:32:59,Thursday,6
eed3d700-7b21-4d5d-b1a2-69f8d40eebac,2024-02-14T13:36:59,Wednesday,1
e039c38e-3c59-4bbc-a47c-6936dc62fb2c,2024-05-18T02:27:59,Saturday,3
fd042044-3485-4754-943c-34a25a68a306,2024-10-02T05:46:59,Wednesday,4
51c1dc35-38c6-4a69-a8f7-48a02761028a,2024-04-26T01:45:59,Friday,4
23e15918-d807-4bd3-be30-83d1fd833bac,2024-08-16T07:27:59,Friday,4
aacf3e0d-82d9-4522-97ce-6a31bba4554b,2024-08-10T03:43:59,Saturday,4
a0ba5521-917b-4190-9db0-380c4d1ec2d0,2024-04-12T06:28:59,Friday,6
463014a9-325e-4b4e-9761-22e63ba34be8,2024-03-23T00:16:59,Saturday,3
45c82cb9-991b-4702-92bd-48df6e2751be,2024-10-03T11:42:59,Thursday,5
3ac25d7d-f8fd-4c92-aefc-5fa228f51edf,2024-08-29T01:44:59,Thursday,1
e8c743ce-6975-495d-8183-0742297e1b4e,2024-06-04T16:24:59,Tuesday,2
1273f368-dc05-4b30-95f3-502ea49a083c,2024-07-01T12:35:59,Monday,4
a805052c-d195-4d7f-b6cf-1e1271b946b4,2024-08-17T05:34:59,Saturday,4
9cfee1b3-53a2-4a87-b3ff-7e1c726f7ab5,2024-06-27T22:50:59,Thursday,4
dab6ef86-51b1-485e-a333-51e38ef059b2,2024-10-07T07:39:59,Monday,3
e79ab861-e6a4-42fe-bb8c-0e861ae50f48,2024-06-17T18:17:59,Monday,4
0e90f9be-6c69-409f-9170-e523ada041e4,2024-08-06T18:06:59,Tuesday,2
0f9fc140-2f04-4ccd-bb58-2b624169dc05,2024-12-09T05:31:59,Monday,1
6f154427-6e86-4586-8ea8-33a4195635d4,2024-04-05T22:45:59,Friday,4
fae6d152-3b59-4c28-99fa-2129c28ae2fd,2024-04-22T05:49:59,Monday,4
5d5de4b4-a378-45c5-8604-6877fee3ccb3,2024-01-31T09:45:59,Wednesday,2
eb379c30-8d90-48a7-9e6d-9841494d58d4,2024-10-06T04:26:59,Sunday,3
98ae1dcc-511f-42b4-9e92-d43bd46687e6,2024-04-25T20:51:59,Thursday,3
2dd48d35-6466-4e58-8ffc-22b3392f69a9,2024-07-11T03:08:59,Thursday,1
76b267a1-2626-4add-83ea-021847ad8177,2024-07-21T16:13:59,Sunday,4
3033625a-a8ca-46ce-9bee-3fab50cafabe,2024-06-22T01:32:59,Saturday,4
33b9a537-0b82-47c8-86f1-e5297a52be5d,2024-05-14T14:41:59,Tuesday,1
51de6f0c-f124-42f8-a16c-9b33a44f0df6,2024-07-07T00:13:59,Sunday,2
794c5b6b-f173-4348-b2c0-93cd76af14b5,2024-05-23T12:05:59,Thursday,3
0587c583-25ee-444e-8b72-390cb767813b,2024-06-13T23:35:59,Thursday,1
5f4c2d18-40c9-4bcc-9b26-edb9621ee8bf,2024-05-16T10:54:59,Thursday,3
ab72fbeb-7e68-4799-ac26-9315b7477b8c,2024-09-20T03:13:59,Friday,1
4bfd02b4-7a1a-4d09-8486-2b736b47c8c9,2024-05-12T02:32:59,Sunday,1
63fee3ce-6a9a-4f39-a84d-a68233f51a9d,2024-01-21T03:26:59,Sunday,2
51d07bdd-7f59-409f-a28a-b4d1ed9f7e2a,2024-11-19T19:49:59,Tuesday,2
8ce7dc28-d456-47ba-a192-edf16dcc988d,2024-03-24T04:10:59,Sunday,2
1632441a-e5a4-4424-8069-f8bb71b45d64,2024-03-10T04:33:59,Sunday,1
5cab0103-c775-4eb0-a4e8-27220397d5be,2024-12-24T01:28:59,Tuesday,4
6ecbc526-b19d-45b3-a78c-c9ff9fd47006,2024-01-12T13:48:59,Friday,3
7f809405-c0b1-4753-9ca9-f26007c1c9cd,2024-01-16T05:24:59,Tuesday,3
c8d3f06b-c272-4ba0-a6bc-bdb44121621c,2024-08-13T19:18:59,Tuesday,4
6257e0c1-1201-41c5-baa6-c8456b16e6e9,2024-09-11T02:38:59,Wednesday,2
9c4d63c9-f450-4cb8-a345-18a610e9803a,2024-05-08T10:42:59,Wednesday,1
6a0f212c-03fa-4930-8c99-66ced26b88c1,2024-02-25T09:11:59,Sunday,4
3f8bab3d-1608-4398-ae7e-6c37e7637ef8,2024-07-05T09:51:59,Friday,4
cadb3a50-ab29-47e1-982a-e10cb042c742,2024-10-15T13:13:59,Tuesday,2
7457a770-5d11-42f3-b686-e51e7c85934f,2024-06-05T22:15:59,Wednesday,2
37086c48-df2b-4362-aeb2-2c130d1065eb,2024-12-19T19:07:59,Thursday,5
69382495-8f21-4c16-9bdf-93956b0f524d,2024-05-11T18:18:59,Saturday,2
296f85e0-c6b0-4545-8558-c665e798f49c,2024-03-19T21:25:59,Tuesday,8
fad037ef-78fd-4e41-846f-dbb16fab6025,2024-09-28T22:03:59,Saturday,3
de9c3186-e5c5-4636-8aff-b8fe0dff8c71,2024-04-03T09:41:59,Wednesday,2
802f1082-6ea3-48c5-9a59-1320bf496990,2024-12-18T22:02:59,Wednesday,1
1bf3422d-534e-4c59-ac3c-12adab846936,2024-12-28T13:47:59,Saturday,2
81401bde-ceb1-47b6-a388-4b0431f100c2,2024-11-03T04:51:59,Sunday,3
086fa632-fa6d-4a92-af56-afce6e250560,2024-05-06T10:15:59,Monday,3
5a7d449d-a232-4135-aa5a-158c4ce74c41,2024-12-26T15:47:59,Thursday,4
1d821d2f-ed20-4208-9e6c-59f927cc1b74,2024-05-31T00:38:59,Friday,3
eb2ab38d-79e9-4101-86b5-06d26933bab7,2024-11-11T05:54:59,Monday,4
fd2fee3a-1159-4b57-baba-e4d5dce0eddf,2024-02-13T06:31:59,Tuesday,3
5c345a40-6930-4460-b7b1-e405926cb491,2024-11-09T12:04:59,Saturday,2
18f1a153-ab31-4e91-b808-9abce506904a,2024-11-15T10:36:59,Friday,1
30624eb1-ed2c-40d2-9719-2ab47a681dfb,2024-03-30T17:32:59,Saturday,1
770a5d49-73e7-4ba3-91a9-877c975383f0,2024-06-07T22:17:59,Friday,3
5824c66d-db72-43f6-ba69-39f70a15ad3e,2024-09-04T12:58:59,Wednesday,4
e2ab4ff5-e0ce-4dbf-8e0f-6f8d2a95cb6a,2024-05-19T02:37:59,Sunday,2
491ed846-dad3-4182-b498-6bb991c2d81f,2024-09-02T04:47:59,Monday,2
ed63b643-35eb-4e7c-bd45-abf4f0637f86,2024-11-17T15:56:59,Sunday,4
eb38fa25-adff-4661-85e5-be22bb3ad53d,2024-11-17T01:37:59,Sunday,4
bddb2d3f-9fbe-49ea-84d4-7188036bada5,2024-03-06T07:39:59,Wednesday,3
498bcb19-ebf8-422a-a2a2-364c7727feb6,2024-05-01T15:02:59,Wednesday,4
ae9bbb79-48ea-4b82-9c27-1c4996706a7e,2024-08-16T22:45:59,Friday,3
52708964-755d-43db-a5c6-fcbe6915bdfd,2024-05-26T20:44:59,Sunday,4
bad0a1a3-067a-4207-8ac7-9ca489500b7e,2024-09-04T22:50:59,Wednesday,3
4f482dcb-68d5-4461-90db-6f35468016b6,2024-06-15T14:27:59,Saturday,1
c2337841-633d-4858-ba1e-617f09f4d096,2024-09-07T14:17:59,Saturday,4
9570d4b0-caa9-4275-966f-732e0ca661fa,2024-09-09T23:18:59,Monday,3
eabb0e91-133d-44fe-b312-a8aa611e0735,2024-02-03T08:53:59,Saturday,1
4f65d1dd-ef6e-4148-bf52-81b800d64f9f,2024-02-13T22:22:59,Tuesday,1
041a81e6-10bf-4b09-bcf2-35b4ae24a805,2024-08-07T07:17:59,Wednesday,1
7937d98a-a24b-4144-baa7-0840bda0e391,2024-10-15T16:21:59,Tuesday,2
ef88aafe-d087-47d4-8802-cfc44fe3cb9c,2024-11-23T19:14:59,Saturday,1
056abf4d-b27f-4d76-ac24-282c6fa197cd,2024-01-30T21:58:59,Tuesday,4
f82f4bf6-b9db-40e6-a23c-ba0bdadac758,2024-07-01T23:23:59,Monday,4
c902528b-927c-4a18-981c-0b2cd76a7200,2024-09-29T04:24:59,Sunday,4
0d79c26d-5b9d-4a1a-b7f3-023c059cf1ef,2024-10-17T19:43:59,Thursday,3
163ba055-429a-45c0-a319-860d5910b156,2024-06-02T00:25:59,Sunday,1
3d58dcde-930a-4077-b054-79dec84fdc49,2024-05-07T22:32:59,Tuesday,4
3f6d81ef-ab1e-4d20-952e-eb5084b21c8c,2024-11-12T12:34:59,Tuesday,4
3cb0d4d6-d2aa-4500-be58-644bc3601577,2024-02-01T19:14:59,Thursday,3
b7f75168-a7c7-47da-8927-e40d69f33321,2024-01-16T10:25:59,Tuesday,1
d4435333-6e43-4f60-bb64-03c4418f28e1,2024-03-22T19:18:59,Friday,4
993275d9-b0b4-434f-8e8e-2d2833764acd,2024-12-15T05:56:59,Sunday,2
cc44de65-0306-4f93-b49c-dbf040bbf210,2024-03-06T00:21:59,Wednesday,1
208a4e3a-97e6-45ad-8d27-cd9c02b17a65,2024-08-29T17:38:59,Thursday,3
f3198efc-1dbb-4271-8e35-943809f2cb3b,2024-05-21T18:27:59,Tuesday,4
51654880-5de9-4edd-ba53-fadd179f42e1,2024-02-12T17:37:59,Monday,3
900e9cd6-759a-4df0-9aa2-696e876f14a0,2024-10-06T07:41:59,Sunday,1
ca31854b-fdba-47a2-b672-ccd9f2033f7e,2024-07-25T22:43:59,Thursday,2
7666b451-c00a-4965-87f1-79477aa22ba0,2024-02-13T05:34:59,Tuesday,1
5576c104-832c-4753-b8a5-ecff54354dc2,2024-01-26T16:02:59,Friday,4
341ae19b-acfb-4e9b-a08d-5be35bde91ef,2024-07-06T04:25:59,Saturday,2
fe97ad39-2d15-4626-8dfc-1a55f6ef9f51,2024-11-09T13:17:59,Saturday,3
aaa48d98-2347-4afe-991a-9178708b21a2,2024-12-17T03:09:59,Tuesday,2
cf89ca22-2b37-4fcb-9498-7f37f2f0484a,2024-09-20T20:41:59,Friday,1
ae3cf478-e030-4674-b68e-e171048c9c7d,2024-08-23T14:13:59,Friday,2
fac2d7c6-bdbc-4a26-b644-a97cf63c6e71,2024-08-27T20:46:59,Tuesday,1
099b8dc5-4cfe-4a5c-b5aa-a438a18d14c1,2024-05-14T08:13:59,Tuesday,1
e1c962ff-ff86-45a6-9252-c696210c79fa,2024-06-14T11:22:59,Friday,1
fe03642d-c517-4b92-876b-6faf5591b92a,2024-09-01T03:26:59,Sunday,1
9e001174-2f24-4f9f-ae9b-5a38e43e206a,2024-10-20T00:50:59,Sunday,3
664c4dff-dcbe-4064-b8cd-84db76d5a80e,2024-08-22T04:19:59,Thursday,2
2533c305-ba05-48bf-8c79-177a661b82aa,2024-04-06T16:21:59,Saturday,2
5addd82f-d62d-47c9-a2c8-15d01c5a6288,2024-09-12T15:21:59,Thursday,2
f3cc2e83-86f0-4ea4-9750-21332e608f1b,2024-10-24T14:30:59,Thursday,1
35fe62ec-f338-4e37-a632-4e540b2550c3,2024-11-05T18:22:59,Tuesday,4
e8580897-b0b5-4d8d-b897-34ec34e81d66,2024-05-18T21:47:59,Saturday,4
5ac02b34-81f3-4b40-a88f-afdebd54ff70,2024-06-17T06:57:59,Monday,3
d871ec60-c7d0-4d11-9f2c-54bf26438bb9,2024-06-17T17:40:59,Monday,4
374e5237-50a5-418b-9e01-522dc751bea3,2024-11-24T01:55:59,Sunday,3
c834cd84-7497-4202-98ac-c9b4569bec36,2024-05-25T06:04:59,Saturday,1
91f2e848-e641-47ed-9e5e-f5bcf68cc5ac,2024-02-21T22:45:59,Wednesday,2
fd50f174-9cc9-4515-8e78-4c15fc6d9786,2024-11-10T21:09:59,Sunday,2
a39fbf89-f1b5-4a23-9a38-e845a39c698a,2024-05-19T18:39:59,Sunday,2
fb4b911a-d9c7-4521-8e16-354c5dceb9a7,2024-09-12T14:26:59,Thursday,3
23487285-046c-4f1e-903b-e0c4145868f9,2024-08-14T02:20:59,Wednesday,2
57c39f77-83b3-44e9-a34c-2b89d95924bf,2024-12-10T03:39:59,Tuesday,2
f61641db-5ea5-45a3-b99e-17ca0cd52bbe,2024-06-04T15:15:59,Tuesday,2
e21ccdaf-a791-4722-88e0-b8d85b9a82a4,2024-09-27T10:07:59,Friday,2
7570e22a-ed62-46af-94b3-e9315fd9864c,2024-05-04T07:38:59,Saturday,2
9feca40d-bf4f-4afe-bf24-97bec8e5c0ce,2024-12-11T17:58:59,Wednesday,3
cafc8713-de6a-4f5e-8267-0c08de8651d5,2024-01-02T02:48:59,Tuesday,3
ecec1088-729f-4340-aaf3-f50fadff586c,2024-01-21T18:55:59,Sunday,2
dd6267fd-c222-4287-9134-9250d203b66a,2024-01-27T15:14:59,Saturday,4
8773e2f4-5995-4842-a83a-3ed24125e0de,2024-05-23T21:21:59,Thursday,2
d431c816-016d-4131-a77c-3e58815fa71a,2024-08-07T09:56:59,Wednesday,4
9cf55c34-f4d5-4f06-b7f1-fac9d387cffc,2024-03-07T04:24:59,Thursday,3
52b9208d-89a8-4906-9ee6-15817bbe7605,2024-01-29T09:08:59,Monday,1
bd22ad2d-e0a4-4948-84fd-cb4f76c81ed1,2024-09-06T22:42:59,Friday,1
1bc84b87-76ea-421b-a196-ca10c3cca7fa,2024-06-18T08:45:59,Tuesday,3
0ef5a07c-f24d-475c-933b-3e7887d57164,2024-04-20T12:27:59,Saturday,1
04ca9d3e-54ba-498e-9109-a3413a2f3d4c,2024-06-04T06:06:59,Tuesday,2
40f19699-af91-46b5-b178-73e7b17e239b,2024-08-16T18:29:59,Friday,2
6e9f572d-a629-42fa-ab3b-54e1511893a5,2024-10-10T00:24:59,Thursday,4
48ec0a92-7fa1-4113-987e-7861d4bc2801,2024-10-02T16:27:59,Wednesday,6
2248cd74-de2f-45b7-b062-5dd5478dd75d,2024-02-13T03:51:59,Tuesday,2
7a5e25dc-8a72-4ffb-971c-ca3fba5c7f31,2024-10-26T22:48:59,Saturday,2
06227bcd-57e3-47d1-a400-ebb650c902ba,2024-01-12T14:42:59,Friday,3
96f0d282-5716-4fbf-b5b3-f65d10b65aba,2024-04-01T09:03:59,Monday,4
61131810-42f3-4dee-a537-b305efcbdab8,2024-09-24T15:20:59,Tuesday,3
5e0b7ee2-7093-4f42-b811-43ac8120deab,2024-10-22T05:54:59,Tuesday,1
b8c7d0b6-5776-41c4-a58b-c1cc64062ce4,2024-08-25T17:30:59,Sunday,1
a5f8b1e9-9bce-4526-b300-3bcd829637b1,2024-04-20T15:05:59,Saturday,3
0b3d7b5e-ec65-4eb5-bbc4-f10480eb9472,2024-09-17T15:53:59,Tuesday,3
2249d2ac-66fd-40f3-814a-99b5825f3f2d,2024-05-27T19:49:59,Monday,3
12f8c940-34be-427a-a76c-ce2422b2a3f6,2024-10-24T10:58:59,Thursday,4
40832089-be70-423c-b44f-09b67f7d85ab,2024-06-19T17:39:59,Wednesday,4
304e5060-2765-4630-b4c6-2910c7db430e,2024-12-23T22:23:59,Monday,1
7407a948-92fb-4c7c-9351-572cc7c4d585,2024-12-04T19:43:59,Wednesday,1
0c12c20d-5e6f-4f17-beb5-2238d277d07d,2024-11-04T16:40:59,Monday,1
fdfb19bd-62d9-40b8-954d-6ea1036ef265,2024-11-12T01:58:59,Tuesday,4
a06f71ab-bb06-433f-a350-123b20a804b1,2024-08-06T09:53:59,Tuesday,3
f28d4fe1-669d-4263-85b4-fafd1381382c,2024-03-08T17:54:59,Friday,2
da4a10f5-684b-4151-9b8a-73801e02dc57,2024-05-15T06:57:59,Wednesday,2
8a359a45-f0fd-49b8-82e3-b3add1bf0777,2024-08-22T23:38:59,Thursday,2
484e81e4-fa58-40fd-b6d0-8c5b0947f23e,2024-07-01T16:15:59,Monday,10
c85ab9f1-3f61-4594-b715-1217f161c4f2,2024-04-21T13:35:59,Sunday,2
23b7c113-63f1-493f-a2fe-7205d6f0e0a0,2024-07-25T08:43:59,Thursday,1
a0f97030-13e8-428f-92e5-22f047f24de3,2024-05-13T17:13:59,Monday,6
bebdaad9-be93-4c9f-a6b4-29887f929ac9,2024-10-28T01:16:59,Monday,3
2e5332f2-204e-4e6e-a18f-791c755ce5a8,2024-06-27T03:31:59,Thursday,3
90e1f7a2-43b8-489a-8c01-a7c55190e569,2024-03-23T18:51:59,Saturday,3
ba59cb21-4838-458b-aef4-517207e6cdef,2024-06-30T09:28:59,Sunday,1
77d2acfe-9a6e-4318-9e0e-4c78e93e225f,2024-12-05T19:46:59,Thursday,1
5aaed389-2ba5-449e-ad34-aeedc8abd875,2024-10-06T02:46:59,Sunday,1
d10d402f-1ca5-4d3d-ba05-3d15f193a28a,2024-03-20T10:20:59,Wednesday,3
052e6756-2eee-4d4e-b6f9-8f58a765e127,2024-06-26T13:15:59,Wednesday,1
24e3be59-6408-440a-9563-9a2d2956ce5f,2024-07-24T08:55:59,Wednesday,3
3e36eec8-7346-4dc8-81b1-280bfffbc6e7,2024-03-16T02:15:59,Saturday,3
473cc4ad-2535-4a3e-a181-3104b1e70c11,2024-02-23T10:56:59,Friday,4
251a2bab-9141-4e10-84e0-8c01b8208d73,2024-10-20T13:37:59,Sunday,1
b50541fd-ee0e-4c7c-85d9-1e6a1f1aaf91,2024-03-25T19:25:59,Monday,4
18e00ec3-da2f-4d59-8991-1ecbee6430e4,2024-06-22T00:48:59,Saturday,1
f2fcec1e-4b59-44c0-a697-5b0db4d6207c,2024-04-09T16:36:59,Tuesday,3
5d3feaca-80e4-4de4-888f-6bce3c7f904c,2024-09-11T18:48:59,Wednesday,1
a9937af6-7039-48c4-a278-cc7d278db262,2024-04-10T12:03:59,Wednesday,2
55fc2eb2-1412-48f1-bfb5-24a1ee3501f8,2024-08-19T02:56:59,Monday,3
6d4becbc-4a81-415e-aefa-a09560a50dcc,2024-04-18T17:10:59,Thursday,4
7d8a1569-72b2-4464-961c-9184dc4f4ace,2024-04-08T08:21:59,Monday,3
f9b53d46-74d5-414e-916b-cb89f8dae99b,2024-03-08T14:28:59,Friday,4
7e9055d4-2744-40bf-b9c1-aae705a6c9fd,2024-10-22T13:59:59,Tuesday,1
960bfe38-34bf-432f-9ab6-e001f7b4415a,2024-01-11T09:00:59,Thursday,3
dd681d21-e704-49f9-8c90-6bd766a6dee9,2024-02-22T13:04:59,Thursday,3
d2b03a7a-793b-4e75-94b7-61fdaae7f83c,2024-05-16T10:33:59,Thursday,2
e37e623b-878d-459e-a038-37d9afcda91a,2024-02-17T23:59:59,Saturday,4
374e510d-5619-4cd6-8a4b-8ad38897a422,2024-12-21T13:14:59,Saturday,2
bf0fc2a4-95d6-40d2-a6b8-e593f2c7c192,2024-02-03T05:31:59,Saturday,2
2eedc246-c6e5-4079-bf2a-32ac61a7fb29,2024-08-24T11:52:59,Saturday,3
5c8e8d54-0c47-43c7-87cd-67ca1e0a0bbe,2024-11-14T06:25:59,Thursday,3
f85b7a9c-fc26-4140-9598-384422570dd5,2024-05-22T03:30:59,Wednesday,2
aac5cf36-eab0-4f5b-8ccf-28aa74437d9c,2024-04-14T21:09:59,Sunday,4
d6649404-c314-4191-911b-74ab9ea70c6b,2024-10-11T17:15:59,Friday,3
5a4999d6-0004-4fd9-8678-6ca67a06e9e2,2024-08-24T04:00:59,Saturday,4
b0fef791-06e9-436e-abfd-4f8ad6fbe351,2024-01-17T16:56:59,Wednesday,3
0e501b38-6216-44f4-b5bb-dab31bed2974,2024-07-14T14:09:59,Sunday,2
7050b37d-f18e-4de9-a000-76bf0de96e79,2024-09-25T15:48:59,Wednesday,5
3ff806b1-2433-42d2-bb98-3b8073e0f1ba,2024-01-28T20:04:59,Sunday,1
c73cddfa-496d-47c4-8b41-a2642cf228f7,2024-12-07T13:51:59,Saturday,1
28d84b2c-dfbe-4f41-87d9-321c3927c510,2024-01-14T19:34:59,Sunday,1
81ab802c-a305-4800-aea9-d8fac57e2184,2024-06-26T20:05:59,Wednesday,4
e0205598-951c-44db-8b7c-93922d0e68b0,2024-03-11T04:11:59,Monday,2
03fbffe0-a469-4414-8ecf-70cb1ae7d16d,2024-07-12T21:46:59,Friday,2
356b60aa-545f-453c-80da-032de1479b3d,2024-06-19T01:10:59,Wednesday,3
c7657b77-30dc-42aa-985b-4cec78381a48,2024-12-17T21:57:59,Tuesday,3
1fe682c8-f2b3-4217-9bb2-39a1a2130ecb,2024-07-21T14:31:59,Sunday,1
b285b719-c87f-4a2f-b533-004d00217044,2024-01-09T11:29:59,Tuesday,1
4542177c-361c-482d-b1be-720bf3858ab4,2024-09-04T15:28:59,Wednesday,3
5d01f188-89fa-4e17-a1f9-dff4b943d7ff,2024-01-13T04:10:59,Saturday,2
90beb6b9-0477-4139-a1ec-99f644416a0e,2024-03-06T05:12:59,Wednesday,1
d1aa729b-267c-4c66-8ea8-49fd425a4c23,2024-09-21T07:41:59,Saturday,2
e7b7539e-1415-410b-b203-06b486abe95c,2024-09-15T21:55:59,Sunday,2
6b2eab83-1804-4aeb-9f5f-56b07a11a84c,2024-05-01T04:29:59,Wednesday,3
3f683247-700f-4b2d-ab36-dac6b4cf85a9,2024-02-27T09:23:59,Tuesday,1
d8583a56-9fd4-4117-887f-b861b0c29434,2024-06-15T22:13:59,Saturday,1
b31cb9bb-bbe1-4531-b668-cb95a823b332,2024-11-18T13:02:59,Monday,4
b7a686f1-26eb-4462-afbe-45a311f1cd2f,2024-10-08T12:04:59,Tuesday,3
3d6b0388-2c84-4991-b817-7e1415f9aa96,2024-10-27T06:40:59,Sunday,2
c34d4169-7130-415e-ac47-a5ec97546b39,2024-03-29T03:21:59,Friday,9
ed6c0510-a31d-434f-a923-e6641ed28cea,2024-07-30T07:53:59,Tuesday,3
7a07c452-f3a6-4fea-a248-f8bc2c647961,2024-08-23T11:50:59,Friday,1
2d4e6e57-1abc-4890-8845-b65381a5a406,2024-07-06T10:39:59,Saturday,1
99e7962f-238f-4ad4-8e84-f4a149136bea,2024-06-16T14:07:59,Sunday,2
7ab38c16-e193-4e7c-b0d5-a6f168f52b8b,2024-12-26T01:10:59,Thursday,4
615e7e35-6921-4f2e-9a07-85fd036916de,2024-09-17T01:27:59,Tuesday,1
f5191410-8db4-4a70-8f3f-e3c10bd0ca58,2024-02-10T21:14:59,Saturday,2
c850e3cf-39f6-44b5-9c66-012efa898c55,2024-12-06T02:53:59,Friday,3
b26d81f1-64ab-423f-9491-f31be537882f,2024-10-30T10:50:59,Wednesday,2
8636a2f4-1494-4790-9561-e1b011eaf3c8,2024-07-13T09:58:59,Saturday,10
21ddf701-19d5-4edf-a9ec-5c4b1e4b9e31,2024-10-12T08:44:59,Saturday,2
14dbe02c-da89-4d8c-bafe-a0bebbe8fea3,2024-11-03T05:37:59,Sunday,1
01bf8a9a-24c2-4de1-b9da-a8e5ebe4e89a,2024-10-24T21:11:59,Thursday,3
027f815c-ba15-4b6f-a07e-a3a56706a37c,2024-02-11T09:42:59,Sunday,3
0dd9bbf1-ebea-4775-b91f-fb0ff97b53ea,2024-11-17T20:26:59,Sunday,2
2c22ec9e-5dbb-4f04-bc5a-df07e249fb31,2024-05-05T07:22:59,Sunday,2
54aee4aa-26f3-40ed-95ae-854dd37f17bb,2024-07-17T10:55:59,Wednesday,4
0f5ff5fb-2365-4e0b-b18a-521da47fa5ea,2024-09-26T14:47:59,Thursday,1
e2b40d12-78b7-4e37-abf9-4013e5e622fd,2024-03-08T18:32:59,Friday,2
92fb9a54-7c7f-4db0-9552-95074314c3b8,2024-02-26T22:16:59,Monday,1
d977c119-d6f5-4dd9-b436-bdef1ca1f0b5,2024-09-11T22:30:59,Wednesday,6
70f68a87-71e4-47dd-b6d4-318e9f10dcee,2024-04-17T02:05:59,Wednesday,1
baf33c2f-167e-466a-bd0d-d92de22c72ed,2024-01-01T19:28:59,Monday,2
d5b535fe-9efb-4533-9326-eba1aafb631b,2024-06-21T09:20:59,Friday,3
4faaa602-2156-48cc-b1ce-0c9faa360ddc,2024-04-10T12:08:59,Wednesday,4
43409657-8e80-49b0-b1ce-c7379e479b1a,2024-08-15T02:52:59,Thursday,2
b78261f6-68ea-4105-ad43-7ca8a0dd4802,2024-07-19T19:57:59,Friday,3
76a09b92-e503-47d4-aef3-d09c7ab6a0cb,2024-12-13T01:14:59,Friday,4
47ab8591-49ad-4194-a04c-c305b365836f,2024-04-14T04:07:59,Sunday,4
ed0ad768-6dcf-4b68-93e1-dd43f1fac265,2024-01-21T12:44:59,Sunday,1
cae3744d-182f-4af8-b28d-697a23a21899,2024-01-02T08:42:59,Tuesday,1
68b98f4b-6d37-4583-b457-0754517dd9af,2024-11-18T02:06:59,Monday,1
894ecf72-1290-4f18-a355-d26943988727,2024-09-21T04:08:59,Saturday,1
621f70ab-8b48-43ed-83ec-8e6c8f5b6e21,2024-01-19T01:00:59,Friday,3
15e6392b-de52-4bf2-8934-ac3bc3483f4f,2024-08-28T19:31:59,Wednesday,3
82e85539-ad92-4e7b-907f-445d2da395b7,2024-11-01T11:16:59,Friday,4
806312b6-d8cf-4744-81fd-e920ab099505,2024-06-27T19:29:59,Thursday,4
1976e256-a7cc-4c64-9132-ef2d84a8cdb9,2024-01-22T08:31:59,Monday,1
d1a67691-e185-4998-9891-c31d73b38dfa,2024-04-11T23:18:59,Thursday,1
2b84079d-632a-4c6d-b2de-568b522fc3e6,2024-04-22T19:25:59,Monday,6
d67a75f1-4ecd-4a34-8538-5b8c21bdfa1f,2024-07-03T08:35:59,Wednesday,1
ca69f36b-1d36-4711-bc8a-12b1346584e7,2024-02-01T05:45:59,Thursday,2
197d9a05-f277-4a75-b109-51f139a317d3,2024-03-06T11:28:59,Wednesday,1
1a1b46fc-d726-4204-b041-20669ca382ad,2024-07-13T20:55:59,Saturday,2
e6e60380-b09c-4c85-87b6-dfe15f682370,2024-11-29T19:55:59,Friday,2
244a1bbd-4efd-48ee-923c-123de27cc1cd,2024-07-15T13:36:59,Monday,3
a09ce24b-7aae-41f9-870e-275990f6a225,2024-02-26T07:16:59,Monday,1
41dff4f5-7949-4d56-9de1-3f975ae9780b,2024-11-08T01:10:59,Friday,4
c6e2d68c-710b-4ef4-931a-6cc8471c94e1,2024-03-17T02:11:59,Sunday,6
f47891b4-ffae-46f2-9550-e5b8351970eb,2024-02-20T02:07:59,Tuesday,3
e4b3bcbf-c3d2-4de1-9ef7-8f9278441372,2024-05-30T09:59:59,Thursday,3
c7393ad6-3375-4d9d-9bf7-0a4bb5177c2e,2024-11-21T09:07:59,Thursday,2
e667bf18-0bfb-4eeb-bb00-90c0f185921c,2024-07-05T12:09:59,Friday,4
7fbc0481-d8fd-4cad-82c7-2db5df3a625a,2024-08-19T09:40:59,Monday,4
c74f7295-26ca-4c91-8010-4648bd5b8557,2024-04-25T03:53:59,Thursday,3
eb01d2bd-a5a9-4a55-9b30-21a5eaa8d1c0,2024-01-30T23:49:59,Tuesday,1
0583e707-d773-4638-ac86-e0e32d6531ef,2024-03-10T15:48:59,Sunday,2
31cfe4cb-b0c3-4971-8e73-87a5f9e326c6,2024-05-14T06:01:59,Tuesday,1
39613a57-ecd1-437d-929d-eca579797edd,2024-05-05T18:25:59,Sunday,3
a5a1cd6a-bbee-41ef-99cf-e1b9368f5b70,2024-05-02T20:17:59,Thursday,3
b474d1a1-6fe7-43a3-9098-f3ed86afe450,2024-06-22T05:02:59,Saturday,1
83cbe981-8473-4ac7-85c2-5171809afe92,2024-05-14T05:37:59,Tuesday,3
7091140c-f3db-417d-927d-3164b1622823,2024-02-13T16:53:59,Tuesday,3
2edb941d-a0de-4ac3-bc02-988e427958de,2024-10-20T20:52:59,Sunday,1
9a02fd8f-b3be-4927-a790-9b35b229bf98,2024-05-27T14:51:59,Monday,3
d66350ec-006f-42ea-ad9b-c7bc497589cb,2024-10-13T02:11:59,Sunday,1
83c4e745-b989-4333-9f57-ca5e16d3591a,2024-01-03T10:04:59,Wednesday,3
46767591-39f1-42c4-915e-b6eb6863a4c3,2024-02-26T08:16:59,Monday,4
531d572f-f3d2-4fd0-a80d-5f2a057c2342,2024-09-20T22:01:59,Friday,1
358db70d-56fb-4695-95fd-2ce9d8b311a1,2024-08-15T00:36:59,Thursday,4
76367293-0409-42a8-b7e0-d86231a71842,2024-02-07T22:14:59,Wednesday,4
66720bd5-e50e-4269-ad94-fb9ab21c686f,2024-08-25T06:34:59,Sunday,1
a8b72b07-3bf2-4bda-9871-f0a6d3701702,2024-09-14T02:21:59,Saturday,4
e2bbccd0-ae3b-42f5-a058-d7a06dce3859,2024-10-01T21:36:59,Tuesday,1
95a7b2f6-2fa0-43c6-bcd2-74b3cbe63b39,2024-01-24T03:26:59,Wednesday,3
9b7be1c2-512d-4246-9169-86340bc210b0,2024-11-22T05:59:59,Friday,4
6ef7bf53-2254-4421-858a-7907187e30e8,2024-05-07T17:21:59,Tuesday,4
cb56b700-5125-4501-a977-b11e1f5d7909,2024-07-04T11:17:59,Thursday,1
2490a8a1-8a87-4e59-8483-49806508816f,2024-07-15T03:14:59,Monday,2
3af06eeb-3c36-450c-a095-ee5befbf2c7a,2024-08-26T03:40:59,Monday,1
ab12cdd4-f27f-471f-81c9-cd6901473206,2024-06-03T17:00:59,Monday,3
63d71155-0229-4ed6-baa3-7faefd931ec5,2024-05-29T11:23:59,Wednesday,4
83bda036-614d-48b3-8fd1-5e701c2b50c9,2024-01-30T23:11:59,Tuesday,4
9f062573-603c-4117-936a-763b9b9a8a0f,2024-03-23T12:40:59,Saturday,4
2822abc6-112d-406e-945e-adb3817c042f,2024-07-31T19:13:59,Wednesday,1
ac81be6b-6938-46e6-9db8-3176541b3a6e,2024-01-01T02:09:59,Monday,4
9bdc21dd-a87f-4e99-86ed-4226afd2b801,2024-04-05T17:55:59,Friday,4
179029ff-ccda-472c-8c22-ba1adc09c6d5,2024-04-30T01:02:59,Tuesday,7
1d8db4a8-213a-4bf6-8662-2973320ce23e,2024-06-16T17:16:59,Sunday,1
9ab9c978-bf5e-4849-8ca7-f34d570a8460,2024-02-15T01:50:59,Thursday,1
2a8f0192-6f9c-48e4-8505-3a632739464a,2024-02-18T07:48:59,Sunday,4
4189fd37-dddc-4560-9e20-e843ebd2c8b8,2024-04-30T11:51:59,Tuesday,4
50a991f2-bacf-4916-b440-306fbc857e9c,2024-04-25T06:06:59,Thursday,2
d0d3f647-c4d7-4983-9340-136a26443935,2024-05-10T02:22:59,Friday,1
432bc5e2-a4bd-4a3e-89e6-707b78165299,2024-12-04T12:47:59,Wednesday,2
24f2fcac-10f7-4ef6-90cc-c43c025464bd,2024-01-03T20:13:59,Wednesday,4
bd703af8-5d53-49ea-ab2d-20f0a99761ad,2024-05-21T07:01:59,Tuesday,4
1f789e4b-4972-4851-934d-3cc7a97645be,2024-01-16T12:35:59,Tuesday,2
20ec1463-6a71-4543-9ced-906c55f2f6dd,2024-03-21T02:04:59,Thursday,3
9254e665-fa11-47bb-87e3-58219c1fa169,2024-11-06T02:59:59,Wednesday,7
2582b2ae-408e-437a-99ad-bfebed327d5a,2024-05-20T17:43:59,Monday,2
b058d18c-ee85-47ce-9c1e-52b7cfca2e97,2024-10-22T03:59:59,Tuesday,2
7b6ef53b-5e83-4144-9383-3f6eed21f313,2024-11-18T09:51:59,Monday,2
83c4cb2d-54dd-4e85-90ef-ab0c4f2a2836,2024-08-03T17:20:59,Saturday,3
d3c013bb-5f70-4721-bcab-8f5f7b776ed0,2024-02-13T21:30:59,Tuesday,3
c0e8e16d-07d6-4261-a9c1-8f136862e1ff,2024-02-08T12:23:59,Thursday,9
a5f5ed6d-c06d-4c44-a0c0-5b17b8265c70,2024-02-02T05:59:59,Friday,4
3632d9b2-d783-431f-87cc-1cc5b768589e,2024-10-17T02:04:59,Thursday,1
298df8bc-b8b9-4438-89b8-8f5d7ed59138,2024-01-12T07:11:59,Friday,3
d77a6878-62ef-4b11-91ed-26612c6378dc,2024-09-22T01:49:59,Sunday,1
937e2d40-dcf9-49de-b305-ea71f1f79601,2024-12-19T19:50:59,Thursday,1
b64dec91-3351-4d7f-8a0c-8b961a3da803,2024-06-27T14:46:59,Thursday,2
f27309bb-65c9-4848-9941-eddc2daf5b67,2024-12-09T04:08:59,Monday,3
37742cc5-90c7-4db2-a22f-ca79dcace35c,2024-10-07T05:16:59,Monday,4
944191bc-2402-4516-aee5-7b5f4062acfa,2024-03-28T13:32:59,Thursday,2
181e3591-7a3c-4118-8f9f-f439b6d6f665,2024-08-10T13:46:59,Saturday,2
08f9dc72-ca43-4c25-942b-a34cd07aa457,2024-08-05T07:02:59,Monday,8
f25c9267-306a-438d-a14c-e7eb1f624342,2024-04-08T16:19:59,Monday,3
332c5e6f-5fac-4795-9a46-258e4b8cfcbf,2024-07-10T02:33:59,Wednesday,2
f608aa45-7d95-4e82-bec8-44ab8e265f3a,2024-12-23T03:44:59,Monday,2
b8670713-f319-4617-9cd9-259621bcf4b4,2024-03-12T02:23:59,Tuesday,1
c72a71bd-aaad-4db9-9189-0af45a61f610,2024-07-13T20:27:59,Saturday,1
61b96c40-11d3-4712-8d6c-bee63698f559,2024-05-06T08:25:59,Monday,2
e2f852e4-019e-46f8-9930-6958a8092de8,2024-09-10T20:47:59,Tuesday,3
66da472d-ee66-4f62-87df-59d802d61356,2024-11-24T21:03:59,Sunday,2
45e5e4f3-43ae-4ca4-a72b-7f8a95b71979,2024-09-20T15:39:59,Friday,3
d9d72fdf-595a-4cd0-b2ba-4e2f8fcb12d6,2024-08-07T03:50:59,Wednesday,4
22f0d4fc-002c-4ee0-a3cb-106e4340c095,2024-05-27T07:22:59,Monday,4
7c71d093-75ba-4fda-83e6-101f1e3e0885,2024-11-22T09:14:59,Friday,1
2f5c8416-4459-4397-b7c6-0380d58df0ae,2024-09-18T13:52:59,Wednesday,4
240fcc0c-fa39-4dd5-bfcf-2990d0c65ea7,2024-01-16T20:58:59,Tuesday,2
cee91844-e321-4f91-9d33-a856910aa067,2024-11-12T18:13:59,Tuesday,1
7b37883e-e224-4a05-b71e-b6eb430237ea,2024-01-02T17:23:59,Tuesday,3
cbe5986a-19cc-4363-9d5a-cfa417698678,2024-04-02T11:43:59,Tuesday,4
27ebfe35-0f89-4305-9482-d5b052574ced,2024-11-18T11:22:59,Monday,1
96f9a295-c6ce-47cb-badd-b8c6a6ae03bc,2024-10-08T13:04:59,Tuesday,4
7148f2de-c524-4161-baef-258802f255e9,2024-09-21T10:39:59,Saturday,3
14bd8a78-912d-4978-b7f1-c714445b9387,2024-06-11T23:51:59,Tuesday,4
df23f23a-b684-4a48-978c-cfe5e2451fea,2024-07-23T00:02:59,Tuesday,1
12a4e7b8-9957-4888-bda9-361810374d1e,2024-09-15T10:09:59,Sunday,10
27887c3f-ca66-4aee-a751-f7a9eda23ba2,2024-11-04T13:28:59,Monday,2
5669bac7-90f6-42e7-a544-95339bf302a2,2024-11-06T18:28:59,Wednesday,2
6dccc9f1-3411-47ff-8e56-1070d39b5b34,2024-12-31T01:43:59,Tuesday,7
1a4e91cd-0a87-481b-9bd0-e1b1eaa6b988,2024-02-23T08:16:59,Friday,4
edcfd18c-5b88-4275-b7c1-6406395fdd0a,2024-02-23T07:52:59,Friday,3
c9418bd8-88bd-43e7-b39c-f0cb0b52f772,2024-01-16T08:33:59,Tuesday,2
97dab49c-47c8-4872-92dc-311d20ccafbe,2024-03-07T15:49:59,Thursday,1
357cc1f9-0084-4fbf-9f95-2d1b76f30b17,2024-08-11T10:34:59,Sunday,2
53ee7201-062a-4dab-aefb-25b1043a7c88,2024-12-28T11:38:59,Saturday,1
0a254024-8ed6-463d-b617-e1ea3994a18d,2024-02-22T10:55:59,Thursday,1
a5d463b0-d512-446e-b5cc-c2bd4da780f7,2024-08-23T09:40:59,Friday,2
a0ffa9dc-bb9f-4b19-a0c6-378f61c30aa1,2024-05-10T08:31:59,Friday,2
e08e0db4-572e-4910-9b93-c29a37e5ee2a,2024-10-18T20:00:59,Friday,7
de88e72f-557d-4f92-b04a-876a610f2979,2024-08-26T21:26:59,Monday,3
ff63420a-a0f7-42d3-bfeb-72bd5bed53a5,2024-02-14T15:31:59,Wednesday,4
610ebcc1-4828-4ba7-aedb-a7811ace183a,2024-04-16T03:43:59,Tuesday,2
41603306-909c-40a2-8e95-a858669469e8,2024-10-02T06:03:59,Wednesday,4
c215d81f-6238-4b85-88f8-797503c4a11c,2024-02-27T19:43:59,Tuesday,1
19f0823e-9f2d-4155-aa5d-9e08f9917e6d,2024-05-20T20:18:59,Monday,4
d5db1367-a444-43bb-9067-00d30bdb4834,2024-02-26T13:09:59,Monday,2
f889c6e0-7430-4c3e-a7bc-b97d3bdf8f1c,2024-02-14T16:50:59,Wednesday,1
04d6d0a2-8e5b-4e16-ad3b-2f858a84a60a,2024-04-04T18:13:59,Thursday,2
e827ecf2-e8d6-45a5-93e7-27eecc570614,2024-08-02T10:42:59,Friday,3
81b1c4db-dd71-48df-ad67-67d7772e9ea3,2024-02-21T22:22:59,Wednesday,1
df9341eb-5d48-4873-a1e8-df3cc5261635,2024-02-28T01:03:59,Wednesday,3
895453ca-d97b-4089-942e-e68a6fd3f5ac,2024-11-15T13:41:59,Friday,1
242e95cb-7c41-424a-ab2e-a41bebc874e5,2024-02-23T02:18:59,Friday,2
d538607e-87f6-4f16-8dc4-28a82ecb03c4,2024-06-22T16:38:59,Saturday,1
af519dac-9d64-4c76-a740-95e6ad612515,2024-09-09T09:34:59,Monday,2
a93e3540-c9fc-4670-ae6c-578bea22cf30,2024-01-03T13:32:59,Wednesday,3
7bc28d88-fc2b-418f-aa79-5bd0901b7db5,2024-08-27T03:52:59,Tuesday,1
e81073bc-f799-48ab-bb64-888d2f8420b4,2024-05-13T19:07:59,Monday,4
dad8d677-4436-4987-ba15-4d3431b20eda,2024-05-05T13:12:59,Sunday,4
9e9a5025-8267-4f5c-8034-4f86f2accf06,2024-05-04T11:42:59,Saturday,2
1068f615-5b17-47da-84ab-8b75cc3da4fb,2024-02-19T01:31:59,Monday,2
f280980b-d74f-465e-8cb2-05162050e03f,2024-08-08T05:40:59,Thursday,3
5df52afa-7b68-426c-a69f-b93719b00738,2024-09-29T05:19:59,Sunday,2
67fd01c7-cbb8-449c-8f3b-5746098d6dac,2024-02-18T17:18:59,Sunday,4
38542568-541d-4d2a-b6b5-2f698de34cff,2024-03-14T02:02:59,Thursday,2
80545dd9-941a-43f8-88fc-b62b816a786c,2024-06-18T18:34:59,Tuesday,3
35c9a5d3-014f-42e8-bb41-5dbfd7e551d5,2024-07-28T03:26:59,Sunday,4
e6fe5100-f581-459a-a0b2-6604ed14c5a8,2024-07-25T14:38:59,Thursday,2
9c28e441-2242-4b39-9176-8e0ae50a7cd9,2024-05-27T21:36:59,Monday,1
94d64739-f0d9-41e9-a45e-7420f9338c47,2024-01-08T08:25:59,Monday,6
95feb36d-e8aa-49c6-b8db-7990a8516125,2024-04-11T01:15:59,Thursday,4
9c8246ed-30f4-4bba-9b71-08d31de6961b,2024-02-04T13:10:59,Sunday,1
a1d034ed-1d7b-44df-b633-d40656629f1a,2024-11-11T07:28:59,Monday,3
066a3761-4146-40da-97e4-c230a4124cd7,2024-03-04T05:40:59,Monday,1
e46815e3-909b-4751-912e-b1d3013fd928,2024-04-22T14:06:59,Monday,9
bcf6dd86-445c-4333-a066-e6882b96d694,2024-07-02T06:35:59,Tuesday,1
440e1d4e-8fe1-428f-a678-3454e702ab30,2024-11-09T17:12:59,Saturday,4
f50bd99d-a7d5-416d-ac7d-c9fcb7d368cf,2024-10-12T10:27:59,Saturday,1
b7d8bd27-af09-4a5b-a35a-fde5df5e10a3,2024-12-23T02:11:59,Monday,2
00c13ba0-040d-4455-9a8b-2ace3c4b513c,2024-05-19T12:12:59,Sunday,2
eae574a0-6720-477f-8224-a005d37f6f81,2024-05-20T10:04:59,Monday,2
6172f0f3-cb34-4fb5-81e8-1d652bcf376e,2024-04-27T23:15:59,Saturday,2
52d1b64e-a870-4d97-8538-8b389aca6a67,2024-07-31T00:59:59,Wednesday,4
1052d91a-be4c-4cf5-b003-35389ed3c4f3,2024-11-17T04:23:59,Sunday,2
927f7f5c-1142-4e97-a914-5554fd3070e0,2024-12-02T10:44:59,Monday,4
f1ecc522-6fb9-4710-9ac0-11896be0ba7b,2024-08-17T12:44:59,Saturday,1
d9caf8ed-cae7-4718-b9cf-b2a1e2539e0d,2024-12-24T17:22:59,Tuesday,2
db6e53a3-c002-4e4a-9f3d-4133a54a7800,2024-05-20T12:20:59,Monday,2
1e3494e8-fedd-4581-a9b0-8618a9d94ade,2024-07-11T11:07:59,Thursday,4
e3efacff-c98d-4ec3-a526-f721d6bea9e9,2024-05-15T23:13:59,Wednesday,4
ff5c07e6-f333-4e8c-8fdb-e55b4671a03a,2024-10-05T00:11:59,Saturday,2
ae069284-8418-4a92-9093-ce64f1bc1693,2024-02-02T14:04:59,Friday,4
586437c9-5743-4ef0-9e5f-dbd81eb2e091,2024-11-06T09:15:59,Wednesday,2
fff49e48-cfd7-448b-bd9a-a3ca1d891c9b,2024-10-26T15:48:59,Saturday,2
4cf811e6-07e1-4f88-9717-732ee772fc01,2024-11-04T14:13:59,Monday,4
3e5a4923-937e-4aa2-b657-b4816b19a44a,2024-06-24T23:51:59,Monday,1
db71b846-8ecb-47f7-aa32-97d7c9260364,2024-02-05T02:05:59,Monday,2
c4e9081d-dd16-4c28-8b0c-c676f0a01194,2024-07-04T06:09:59,Thursday,2
c87bdb82-9972-41a0-bc4d-9519d9102a8b,2024-07-25T23:29:59,Thursday,8
e3b44fa1-ce8c-45b0-9b72-bb6e33bb142b,2024-03-09T00:34:59,Saturday,2
714b9b5d-f41e-4f3c-acf5-dde1544bc9c0,2024-03-14T00:43:59,Thursday,3
8894ec28-ccaa-456e-9ce9-0e669d07a4ed,2024-11-02T19:22:59,Saturday,2
f9382915-5341-48ad-8f3a-93d329a3ae7a,2024-04-26T05:43:59,Friday,3
bbad6b70-8a67-43d2-af43-3a07df58f8da,2024-12-20T16:52:59,Friday,9
3b204cb7-0e1a-496e-94d5-a43baed5b54d,2024-03-06T08:10:59,Wednesday,2
ceb5aedd-08f5-472a-bb6c-74fcd2cc8508,2024-10-14T19:11:59,Monday,2
c810b369-2020-4387-8015-87bff50f817d,2024-03-10T03:08:59,Sunday,4
0f0b9095-e7ee-44aa-8463-1e13fc0ba982,2024-02-05T22:18:59,Monday,3
b290cc29-a09a-4bca-a7eb-f40e9d403571,2024-05-23T02:17:59,Thursday,4
d82a7be2-3949-4719-9d69-4d3e2526c360,2024-04-21T10:57:59,Sunday,2
bd36d2a7-bd80-48e4-926a-3850b24b2b14,2024-11-01T00:39:59,Friday,3
68f5cb2f-9e2c-4e19-b863-d827dd9a0717,2024-12-12T04:51:59,Thursday,3
ee80c8bd-eb5b-4033-a4e0-2c1fb57d9f1a,2024-08-06T20:14:59,Tuesday,3
d7fc8127-25ca-4616-8272-09d69e3de618,2024-08-23T20:51:59,Friday,4
e1343274-5ada-4a10-bcbc-5856212e8246,2024-04-19T23:41:59,Friday,2
8bb6f483-853d-44dd-ae47-4f83c611be72,2024-05-03T01:15:59,Friday,2
1aed7d54-e764-4eb6-91c0-63e2bf922f0e,2024-10-21T11:37:59,Monday,3
36625e16-f7e0-44be-82fb-b8de0d3d2903,2024-03-14T15:17:59,Thursday,3
669fe968-5a9e-4e2a-9a61-c4157b088ed4,2024-01-06T20:17:59,Saturday,2
41d8cc07-a79a-4647-94e7-de02b2c6e10f,2024-07-06T15:30:59,Saturday,9
daa04d37-85d6-4f62-8ac8-625f5d3b8109,2024-02-24T11:48:59,Saturday,1
ce312e87-669c-49c5-9a33-9177318dda30,2024-05-11T18:52:59,Saturday,2
6ab9d1e5-911b-4193-ab5d-08b324a5e564,2024-07-25T05:17:59,Thursday,2
70d77de5-fb84-43a0-afa6-ec4a09414f4b,2024-09-20T15:35:59,Friday,2
cd11e072-39e6-45f4-9b21-8194a707d50d,2024-01-19T04:20:59,Friday,4
77a59a16-0b57-4247-ba2d-8bad5d66a14c,2024-11-11T05:23:59,Monday,2
7322cf94-4bf8-4a42-91f1-1d6b44a3c028,2024-03-31T17:39:59,Sunday,3
47420606-dd23-4d06-99db-93d73b5296a4,2024-05-13T17:05:59,Monday,1
9a4040ae-f16c-4982-8d2b-1c9d12e7bf54,2024-04-02T13:35:59,Tuesday,2
bd317a94-464c-4e6b-b3bb-014ce642f703,2024-03-02T10:20:59,Saturday,1
967cb37a-b2a5-4cbc-886c-7b52013111c1,2024-05-18T07:46:59,Saturday,2
45ad5157-3813-47be-911b-70dfcfcd1b56,2024-10-16T17:15:59,Wednesday,3
10c5d932-04df-429c-8b2b-05982fde512a,2024-09-30T04:34:59,Monday,1
a04fa926-8565-49ea-934c-fb9ce61c1a76,2024-08-06T11:51:59,Tuesday,4
092a6cb3-4d1b-4a1f-820c-7c54478257bf,2024-04-04T16:55:59,Thursday,2
8f5e6fb0-b30b-473d-b3a1-e13c1578719f,2024-10-03T10:18:59,Thursday,1
a91ab05b-9b79-40f5-b1b2-88edafbd311c,2024-03-29T13:59:59,Friday,2
0f320f52-cdcd-43ed-a53a-52c555847d08,2024-08-05T01:32:59,Monday,4
1a17d1e7-b414-454c-a7b5-5549e1a6a959,2024-02-17T03:26:59,Saturday,2
ed77d061-9657-4df3-86a5-841372b74a78,2024-01-02T22:17:59,Tuesday,2
9642f35e-9a20-402a-a07b-0d52a1cdddab,2024-07-15T10:38:59,Monday,4
c9922ec1-ed32-4311-8ea7-5354462d3574,2024-10-12T02:05:59,Saturday,4
1f3429c4-1c27-4c96-903a-04b2f41e3a26,2024-06-15T18:26:59,Saturday,3
ebc053f4-cd91-414c-ac8d-fea5a9da16ce,2024-04-11T11:25:59,Thursday,4
15241571-9619-4b54-bbfc-e59308ab101e,2024-11-27T09:57:59,Wednesday,2
0af2e25c-5fc7-44f5-8823-ce9f1faf27e4,2024-02-05T00:03:59,Monday,8
9c8e9af3-fa41-47c3-a431-b1cb43e06fde,2024-03-30T09:35:59,Saturday,3
4f9080e0-a198-4b6c-86f4-5cda64ec91dc,2024-04-09T20:08:59,Tuesday,4
b1844306-237d-47fa-8a26-0aebbf33b189,2024-06-04T10:25:59,Tuesday,4
d2806a75-010c-4cc4-a73a-7b4f42ee39db,2024-01-21T21:20:59,Sunday,1
eed5d3d9-45cd-4e9a-b792-4b5a2460c0ed,2024-11-21T10:27:59,Thursday,1
b9929d4a-daa0-499e-95d1-2a16339e240a,2024-05-12T17:51:59,Sunday,3
b8a4da3c-899f-40b8-b3e4-7d6a5a366cbd,2024-06-01T21:44:59,Saturday,3
b24b0e09-927f-42e1-9a09-afec576caaa3,2024-02-25T16:16:59,Sunday,4
7c9c5b13-0b9e-4abc-ab68-27f31f52611a,2024-07-24T07:28:59,Wednesday,2
b4f25a35-6a4c-45a1-b2fa-909039e0795c,2024-03-01T17:12:59,Friday,2
e2ea5288-bea1-4f36-89a9-df1764408946,2024-12-10T16:46:59,Tuesday,1
815ed495-3ac8-4313-a419-ea4a55a0b7b1,2024-02-22T16:25:59,Thursday,1
3cf19d7a-b611-45e5-9370-7df114783704,2024-12-23T04:04:59,Monday,1
867ca4f3-0712-43bd-a540-8ba1bf26d848,2024-03-31T00:51:59,Sunday,3
8fee6381-0521-45ed-91a7-d3955764d160,2024-08-15T23:55:59,Thursday,4
81cb4af8-5b5f-477c-86ca-cfc3d362dd6f,2024-12-10T16:42:59,Tuesday,4
da7e9c7d-16c7-4ec9-997a-571d347e1fc6,2024-07-11T06:41:59,Thursday,1
f63e0e81-7c07-4f2e-b3dc-c4ddee87ec2d,2024-11-09T08:18:59,Saturday,1
90998015-fa31-40ff-85b1-3c392e7728a5,2024-09-24T15:10:59,Tuesday,2
0693e5c6-98de-4ad3-8992-6a2654c3bade,2024-12-19T11:15:59,Thursday,2
f7e5083b-24b0-40d9-bf25-11c63a2976c6,2024-10-05T20:56:59,Saturday,1
9892d786-45b0-40c0-9474-7833d39589ee,2024-10-02T15:19:59,Wednesday,2
6dc096e1-2b59-4566-bb72-c357f376e79e,2024-11-17T01:36:59,Sunday,2
c046db8b-f4ab-4b5f-afc6-8e9add585dfd,2024-05-18T18:39:59,Saturday,3
e024bdfe-3bb8-4625-94a0-a387a5d2e71a,2024-09-19T10:48:59,Thursday,2
5c1ff42c-c1c3-400d-824d-6f1377b080e1,2024-08-11T20:49:59,Sunday,2
8dcd1709-310b-43be-8333-71cd265cee18,2024-09-02T07:49:59,Monday,3
53a8822e-b442-4d76-89fe-1a7f4d3974ea,2024-04-06T20:36:59,Saturday,4
e70a853f-0007-424d-ba0e-1d3605cbeaa9,2024-05-08T08:02:59,Wednesday,1
93543e22-8bcd-4e25-a0de-2e16c312f3b2,2024-04-24T18:06:59,Wednesday,3
8a3ca485-8cdb-4b37-a624-23c7b5413ab5,2024-09-17T12:56:59,Tuesday,4
3d4ab4e5-8e20-4ed2-8b94-92f58e9c4128,2024-08-21T14:24:59,Wednesday,10
8f249af0-3145-4479-848b-2f30cf75e63c,2024-12-22T13:12:59,Sunday,3
7ac1b6b3-f4de-471b-9d30-9af6e4c6ccc7,2024-09-26T13:36:59,Thursday,1
cefe1c73-b166-41a1-b414-acdf611252b1,2024-03-13T13:04:59,Wednesday,2
61b6d139-4190-4ab0-8f74-e37c2636b8c7,2024-01-19T00:18:59,Friday,3
99ff7348-f65a-4a09-a846-24f5cc931b58,2024-02-28T11:28:59,Wednesday,1
6f670bca-bbd7-4b69-9d47-ed28ab185633,2024-04-24T07:54:59,Wednesday,3
dd7101ab-e187-42a7-a5dd-079b61546849,2024-11-03T07:47:59,Sunday,4
06967dd0-13ea-4aee-baa8-6e134f7bc555,2024-03-28T10:31:59,Thursday,3
327c58fd-75f0-429b-928c-7e81b08f4074,2024-08-10T07:03:59,Saturday,1
4e1b3986-f14e-4af4-b620-3fd92404956c,2024-11-15T09:55:59,Friday,3
61ee2698-953e-42de-8252-a8d57f0001e0,2024-02-21T11:05:59,Wednesday,1
492b9bce-00b5-4f8f-aab6-214c243cb350,2024-04-14T07:45:59,Sunday,4
835a573e-1915-4593-accb-b69ea08689e3,2024-01-12T22:26:59,Friday,2
62455b52-ad8d-4924-a330-f68f28bcf643,2024-08-28T10:51:59,Wednesday,10
5ef82871-fc22-4a40-b361-328b320fe230,2024-10-16T20:34:59,Wednesday,1
07946297-d236-4432-81c6-3be74e9aa715,2024-11-09T05:31:59,Saturday,2
a0ff4641-95b6-46d3-b2e6-399632b362af,2024-11-30T13:32:59,Saturday,3
ed836fe9-15bf-4390-b15b-1ead5a4298c3,2024-10-11T14:22:59,Friday,3
7327d1ef-bb6b-48fd-a6ea-2506708577ca,2024-06-05T03:15:59,Wednesday,1
49264bf0-9b08-443a-94e9-ff1a4daa1cb9,2024-05-08T00:56:59,Wednesday,3
7553bb94-ec60-446a-8ac0-062940d6ae8f,2024-03-21T07:38:59,Thursday,3
ff0aeb81-bedc-4631-9aaa-0de5bf37c01a,2024-07-31T01:56:59,Wednesday,2
93c83a3c-7fac-4524-b66b-61fb06e1b541,2024-07-21T05:09:59,Sunday,2
28ffc1b8-0fd1-463a-992f-72d0240d4b69,2024-01-23T10:31:59,Tuesday,1
7646e5b0-d428-4dab-b7f1-e30855f86b77,2024-05-20T21:52:59,Monday,4
57e43bd0-23d0-447b-b4d0-4ac15c17735c,2024-03-02T05:02:59,Saturday,3
41f399e8-a73d-44e1-9c76-c96eb830ea71,2024-05-30T09:26:59,Thursday,3
1d475e7a-c5e2-4dfb-a286-885f4a2f46c7,2024-03-03T12:58:59,Sunday,8
79a2b838-c725-4ab4-b29d-a004971da934,2024-08-15T15:35:59,Thursday,3
7f8687bf-3773-4927-99d4-4d73455bbc04,2024-12-26T07:23:59,Thursday,4
b8481396-28ed-4547-adcc-e388cfa31f5d,2024-11-05T07:49:59,Tuesday,3
aed7d91e-845d-4f41-baea-d86da3b7aa40,2024-05-24T13:39:59,Friday,8
f217395b-a426-402f-94ff-f83e200411aa,2024-05-08T05:37:59,Wednesday,4
e9984af4-2ace-4cf0-a337-5d80cfcb73c7,2024-07-24T10:28:59,Wednesday,3
17b3fbd0-683a-4b98-bdc2-9116466c8867,2024-09-02T09:02:59,Monday,4
3c2da1ec-1060-4052-a203-86780b397011,2024-01-14T13:29:59,Sunday,2
129cfaed-b095-4b12-9063-44f298a6bd77,2024-09-03T10:51:59,Tuesday,3
b5018455-6124-4f4b-85d3-f917aa559717,2024-07-12T14:40:59,Friday,3
9a3b6f0d-6f8d-4aa2-a314-20ab5ab357e4,2024-06-23T19:38:59,Sunday,1
142f8ac3-fb61-4615-9aab-74811d232167,2024-12-15T14:50:59,Sunday,3
58e91cf3-0aad-4209-81e6-0b621f703d85,2024-01-13T18:50:59,Saturday,3
2db03b50-aacd-4bfb-b790-ba87487b4931,2024-12-22T02:43:59,Sunday,2
d4f99d6d-d235-4759-a20a-f16248482209,2024-11-30T05:22:59,Saturday,1
308604cc-0624-4056-bed8-93a536f8029b,2024-12-11T18:05:59,Wednesday,3
dcfb1de8-45f8-4d7c-bcd4-a2c15904df55,2024-08-15T14:15:59,Thursday,2
e4b72e43-b700-4f35-a5a3-0fbab49a7dc7,2024-10-27T14:46:59,Sunday,2
45c4d97c-a8b4-4a57-b9d7-93b80dfb4094,2024-09-30T03:46:59,Monday,2
6ec267f7-dbd2-4b2f-8aae-d53c6c22d78d,2024-04-11T03:44:59,Thursday,4
cec9fb95-ed30-4232-8c1f-b782ef215b69,2024-11-16T19:10:59,Saturday,4
35dcceef-5579-4be7-afd4-75c0faccc499,2024-09-23T17:50:59,Monday,1
4b465551-e34b-49d8-9237-bda6922693e0,2024-06-30T09:43:59,Sunday,3
43b79f11-cad9-49b2-a192-14d676a78a32,2024-10-05T12:00:59,Saturday,4
e606a12d-a896-4d75-ab59-7d37c41e7a12,2024-01-12T09:44:59,Friday,1
9ac5873c-83fd-4e80-8bff-c92f8b65fd5c,2024-03-15T10:35:59,Friday,1
d895a002-3b65-438e-8cf8-e0a490596ee0,2024-06-18T10:24:59,Tuesday,1
ab03b8e8-3f72-4225-a316-f5564b5199c9,2024-09-05T09:16:59,Thursday,1
681bfb06-2d53-4489-a042-fd0e0a777bae,2024-11-30T03:12:59,Saturday,4
1e5d91b7-1fd3-48f3-8147-3e0fc4ddb162,2024-06-14T10:50:59,Friday,4
4b9d17a2-364d-482d-b04a-a0e7135cc1fa,2024-08-22T14:27:59,Thursday,3
30b72feb-5253-45fc-a043-c38110a71b74,2024-12-24T13:26:59,Tuesday,1
55ccad4b-e026-4fa1-bb42-bd17d57afee0,2024-03-17T07:46:59,Sunday,2
bd739242-7b5a-49cb-a6ce-47cee7c5bd9a,2024-06-22T03:47:59,Saturday,2
054637c6-b14b-43e0-8e59-45ffa9f1cafe,2024-04-15T13:01:59,Monday,4
d8799c87-c7c6-4ce2-b65f-65a8fabe41fe,2024-07-20T15:56:59,Saturday,3
92acb7de-d82d-4bd8-8db7-1c4a1ae1adb3,2024-03-26T16:20:59,Tuesday,1
54e6ab02-1d43-4716-84ad-5b18df79cea9,2024-12-02T10:10:59,Monday,3
fbf3632f-5428-4104-ac1c-ae1c819d35e9,2024-01-10T19:01:59,Wednesday,1
d1cc176e-2f82-42a1-af37-af56ee80bc3f,2024-01-20T05:34:59,Saturday,2
2ad28fa8-c163-4739-b4aa-4444af08382c,2024-10-27T12:12:59,Sunday,1
2e11d29f-72dc-4e7d-9100-8dea41348d56,2024-11-02T22:37:59,Saturday,10
72674c80-4ab2-4692-8c53-4cced948118b,2024-07-06T19:39:59,Saturday,3
4ab802f6-29ed-4f30-bd2a-8a1d97bfaa8a,2024-04-08T16:59:59,Monday,4
5018ed12-35fd-480b-9f37-f8e55b652add,2024-06-30T03:36:59,Sunday,4
f04a015b-be90-45dc-9b96-c9920608447c,2024-08-20T12:30:59,Tuesday,4
516038cd-b9a0-4329-82d5-98e120c6946e,2024-03-20T19:59:59,Wednesday,3
382702b2-cb72-426d-a49c-62106eaffe08,2024-08-08T16:55:59,Thursday,3
2ab5af96-3527-4473-ae6a-7f3c5422ad17,2024-06-03T10:46:59,Monday,1
d1d88c66-e015-46d7-8b7b-3f31c2c579c5,2024-03-05T16:54:59,Tuesday,4
32535808-1744-4bb8-8300-89844d5b9f7f,2024-10-10T13:19:59,Thursday,9
61c04a0e-edb7-4155-b13f-65b7a02d96b4,2024-10-09T06:21:59,Wednesday,1
46e9ce58-8977-4747-ae74-cb9ee62aea23,2024-03-22T16:47:59,Friday,3
06c1578c-b9a2-4ff1-84a5-06369f74a89b,2024-06-15T22:09:59,Saturday,4
1a58603f-1ad3-43e7-9a04-878844d1a6fb,2024-02-23T12:35:59,Friday,3
d963fe19-1025-4e79-9c22-a3c2bb095ae4,2024-09-29T22:00:59,Sunday,2
fffc9f24-dba2-4964-87f2-7c37a611530f,2024-09-08T23:55:59,Sunday,10
d1ea01b5-5299-4c94-870f-c844fdca11a3,2024-05-23T19:06:59,Thursday,1
d80300dc-99cf-4e47-9896-3b514b609077,2024-07-15T06:00:59,Monday,4
56afd86c-9cc8-4beb-9119-6ff9e5f3f559,2024-07-14T19:28:59,Sunday,2
1edd8309-10fb-4272-b3a3-2cec8cb1db2a,2024-09-20T05:07:59,Friday,1
5f51f773-da88-4932-b1f8-231770c6eba0,2024-07-03T15:11:59,Wednesday,1
a855e00c-8eac-45eb-bd79-d6b261cafb12,2024-11-07T10:53:59,Thursday,3
8f6982d0-42dd-419a-b7a2-251970daa31c,2024-05-02T16:33:59,Thursday,4
85eabc55-049c-474a-835e-f93428cd7248,2024-03-23T09:49:59,Saturday,2
b4713300-818e-48e0-bb3e-ca00f9f3f59d,2024-10-19T15:51:59,Saturday,1
6baedad1-f726-4da6-bbfa-6d16467a4e10,2024-12-17T13:43:59,Tuesday,4
bf1f45c4-40ec-4d6f-8a5d-4db92f34f9b4,2024-12-16T13:13:59,Monday,3
03479239-bd33-4cf5-87f0-5ecdcc8ca5d6,2024-04-13T11:46:59,Saturday,4
d06a9ae2-03f9-44f9-aa96-18baf5dbff80,2024-12-30T02:50:59,Monday,1
f672d976-4209-459e-9903-451626ec454a,2024-05-08T20:12:59,Wednesday,1
cf8bfa2d-20ff-4c23-9590-6ace414c48b7,2024-04-01T06:04:59,Monday,3
6e2eb393-2e3c-4580-a4fd-04114de35866,2024-08-18T01:26:59,Sunday,3
75cb4373-83d5-495a-a780-508c1da287d9,2024-08-23T11:09:59,Friday,2
e6607cd1-91be-4042-bc4b-60566f989faf,2024-10-12T09:34:59,Saturday,3
28401ee5-07b2-4144-91b3-232c062e0cd9,2024-11-20T22:11:59,Wednesday,1
ec4a6c49-2eb7-4ccf-8953-409e5dbb0107,2024-09-03T09:22:59,Tuesday,3
d9839cde-e336-4af9-9860-4808b12945a1,2024-08-11T05:40:59,Sunday,3
67dcbed9-2039-4ddf-9923-180c5983d195,2024-01-29T00:04:59,Monday,3
b6666d93-8013-41e4-95f1-824ab3f586d6,2024-10-26T04:43:59,Saturday,4
c1366855-c2be-425d-be62-c57bc840916e,2024-12-29T17:59:59,Sunday,4
669b736c-ec59-41af-a9e2-949c364e390d,2024-05-20T20:48:59,Monday,2
4958eb88-51db-4f26-a6e1-b3ce68a07266,2024-11-05T08:16:59,Tuesday,3
535c5950-75df-4d56-b4bd-b1d472f2cc86,2024-12-28T05:58:59,Saturday,4
124bddb6-625d-49ed-ada0-04ea5f359626,2024-03-02T12:09:59,Saturday,4
3303828f-4394-45f7-9dab-0be7864c95b4,2024-10-24T16:07:59,Thursday,4
4ea3dab9-2aaa-4ef0-b3f5-c0d868855b5d,2024-07-30T17:40:59,Tuesday,9
